N_FD,Rumore_%,Rep,Fold,IM,IP,IH_approx,IH_esatto,Secondi_ilp,Risolto
2,5,0,0,3795.0,3140.0,913.0,555.0,0.1,True
2,5,0,1,3791.0,3221.0,941.0,575.0,0.0,True
2,5,0,2,3708.0,3138.0,924.0,562.0,0.1,True
2,5,0,3,3783.0,3057.0,928.0,564.0,0.1,True
2,5,0,4,3627.0,3054.0,914.0,552.0,0.0,True
2,5,1,0,3611.0,3052.0,919.0,538.0,0.1,True
2,5,1,1,3715.0,3189.0,944.0,549.0,0.1,True
2,5,1,2,3736.0,3130.0,927.0,545.0,0.1,True
2,5,1,3,3681.0,3145.0,932.0,545.0,0.0,True
2,5,1,4,3672.0,3134.0,927.0,540.0,0.0,True
2,5,2,0,3621.0,3040.0,892.0,529.0,0.1,True
2,5,2,1,3594.0,3073.0,891.0,525.0,0.0,True
2,5,2,2,3524.0,3134.0,920.0,538.0,0.0,True
2,5,2,3,3879.0,3179.0,918.0,541.0,0.0,True
2,5,2,4,3588.0,3093.0,918.0,543.0,0.0,True
2,5,3,0,3385.0,2985.0,900.0,536.0,0.0,True
2,5,3,1,3447.0,3053.0,913.0,538.0,0.0,True
2,5,3,2,3528.0,3088.0,944.0,555.0,0.0,True
2,5,3,3,3324.0,2956.0,891.0,526.0,0.0,True
2,5,3,4,3516.0,3010.0,909.0,535.0,0.0,True
2,5,4,0,3574.0,3171.0,924.0,546.0,0.0,True
2,5,4,1,3510.0,3185.0,914.0,545.0,0.0,True
2,5,4,2,3524.0,3064.0,888.0,520.0,0.0,True
2,5,4,3,3419.0,2926.0,886.0,525.0,0.0,True
2,5,4,4,3544.0,3111.0,925.0,552.0,0.0,True
2,10,0,0,7007.0,4763.0,1747.0,1053.0,0.2,True
2,10,0,1,7201.0,4791.0,1749.0,1069.0,0.2,True
2,10,0,2,6969.0,4623.0,1716.0,1045.0,0.2,True
2,10,0,3,6877.0,4607.0,1723.0,1041.0,0.2,True
2,10,0,4,6764.0,4641.0,1668.0,1021.0,0.1,True
2,10,1,0,6206.0,4535.0,1701.0,1029.0,0.1,True
2,10,1,1,6306.0,4537.0,1700.0,1041.0,0.1,True
2,10,1,2,6514.0,4627.0,1741.0,1067.0,0.1,True
2,10,1,3,6250.0,4519.0,1711.0,1044.0,0.1,True
2,10,1,4,6392.0,4602.0,1689.0,1033.0,0.2,True
2,10,2,0,6461.0,4520.0,1676.0,1013.0,0.1,True
2,10,2,1,6531.0,4589.0,1678.0,1020.0,0.1,True
2,10,2,2,6320.0,4575.0,1702.0,1028.0,0.1,True
2,10,2,3,6697.0,4538.0,1707.0,1031.0,0.1,True
2,10,2,4,6495.0,4654.0,1705.0,1029.0,0.1,True
2,10,3,0,6519.0,4615.0,1751.0,1078.0,0.2,True
2,10,3,1,6296.0,4496.0,1762.0,1076.0,0.2,True
2,10,3,2,6430.0,4531.0,1769.0,1098.0,0.2,True
2,10,3,3,6464.0,4554.0,1777.0,1083.0,0.1,True
2,10,3,4,6575.0,4570.0,1745.0,1074.0,0.1,True
2,10,4,0,6744.0,4574.0,1744.0,1053.0,0.1,True
2,10,4,1,6684.0,4597.0,1776.0,1081.0,0.2,True
2,10,4,2,6501.0,4558.0,1725.0,1039.0,0.2,True
2,10,4,3,6792.0,4583.0,1801.0,1087.0,0.1,True
2,10,4,4,6489.0,4606.0,1754.0,1059.0,0.1,True
2,20,0,0,11074.0,5885.0,3001.0,1973.0,0.5,True
2,20,0,1,10861.0,5831.0,2993.0,1925.0,0.6,True
2,20,0,2,10799.0,5800.0,2978.0,1911.0,0.5,True
2,20,0,3,10932.0,5783.0,2984.0,1931.0,0.7,True
2,20,0,4,10667.0,5772.0,2957.0,1927.0,0.6,True
2,20,1,0,10760.0,5789.0,3066.0,1990.0,0.5,True
2,20,1,1,10535.0,5732.0,2984.0,1949.0,0.7,True
2,20,1,2,10827.0,5790.0,3005.0,1939.0,0.6,True
2,20,1,3,10710.0,5835.0,2971.0,1945.0,0.5,True
2,20,1,4,10634.0,5739.0,2977.0,1930.0,0.6,True
2,20,2,0,10663.0,5788.0,2966.0,1933.0,0.6,True
2,20,2,1,10685.0,5771.0,2948.0,1939.0,1.2,True
2,20,2,2,10702.0,5738.0,2988.0,1936.0,1.0,True
2,20,2,3,10972.0,5799.0,3008.0,1955.0,0.6,True
2,20,2,4,10685.0,5747.0,2959.0,1924.0,0.7,True
2,20,3,0,10978.0,5796.0,3081.0,1984.0,0.8,True
2,20,3,1,10695.0,5808.0,3038.0,1977.0,0.7,True
2,20,3,2,10872.0,5770.0,3059.0,1997.0,0.6,True
2,20,3,3,10639.0,5774.0,3043.0,1973.0,0.6,True
2,20,3,4,10903.0,5791.0,3064.0,1971.0,0.7,True
2,20,4,0,10756.0,5786.0,2999.0,1946.0,0.7,True
2,20,4,1,10634.0,5734.0,2960.0,1945.0,0.6,True
2,20,4,2,10602.0,5699.0,2951.0,1924.0,0.6,True
2,20,4,3,10753.0,5765.0,2974.0,1916.0,0.6,True
2,20,4,4,10680.0,5775.0,2961.0,1917.0,0.7,True
2,40,0,0,14594.0,6301.0,4486.0,3325.0,15.5,True
2,40,0,1,,,,,150.0,False
2,40,0,2,14719.0,6317.0,4474.0,3322.0,16.5,True
2,40,0,3,14795.0,6317.0,4469.0,3297.0,6.4,True
2,40,0,4,,,,,150.0,False
2,40,1,0,,,,,150.0,False
2,40,1,1,,,,,150.0,False
2,40,1,2,,,,,150.0,False
2,40,1,3,,,,,150.0,False
2,40,1,4,,,,,150.0,False
2,40,2,0,14460.0,6327.0,4500.0,3324.0,5.7,True
2,40,2,1,,,,,150.0,False
2,40,2,2,14423.0,6314.0,4523.0,3323.0,13.4,True
2,40,2,3,14516.0,6315.0,4462.0,3307.0,4.5,True
2,40,2,4,,,,,150.0,False
2,40,3,0,,,,,150.0,False
2,40,3,1,14496.0,6300.0,4466.0,3272.0,93.3,True
2,40,3,2,,,,,150.0,False
2,40,3,3,,,,,150.0,False
2,40,3,4,14857.0,6286.0,4520.0,3303.0,5.3,True
2,40,4,0,,,,,150.0,False
2,40,4,1,,,,,150.0,False
2,40,4,2,,,,,150.0,False
2,40,4,3,,,,,150.0,False
2,40,4,4,,,,,150.0,False
4,5,0,0,94760.0,6472.0,1921.0,1119.0,4.9,True
4,5,0,1,95455.0,6471.0,1919.0,1110.0,3.8,True
4,5,0,2,93294.0,6467.0,1856.0,1100.0,5.2,True
4,5,0,3,97213.0,6466.0,1857.0,1089.0,4.7,True
4,5,0,4,93003.0,6471.0,1845.0,1082.0,3.7,True
4,5,1,0,92155.0,6464.0,1819.0,1062.0,3.9,True
4,5,1,1,87924.0,6469.0,1820.0,1066.0,3.0,True
4,5,1,2,90542.0,6465.0,1864.0,1074.0,3.2,True
4,5,1,3,93804.0,6470.0,1833.0,1071.0,3.6,True
4,5,1,4,90810.0,6465.0,1835.0,1072.0,3.3,True
4,5,2,0,98747.0,6471.0,1880.0,1088.0,3.6,True
4,5,2,1,101541.0,6468.0,1902.0,1106.0,3.7,True
4,5,2,2,99254.0,6470.0,1899.0,1102.0,3.3,True
4,5,2,3,95414.0,6459.0,1894.0,1097.0,3.0,True
4,5,2,4,99822.0,6469.0,1914.0,1113.0,3.6,True
4,5,3,0,86281.0,6466.0,1842.0,1093.0,2.7,True
4,5,3,1,92713.0,6464.0,1888.0,1122.0,4.3,True
4,5,3,2,91226.0,6468.0,1948.0,1164.0,4.3,True
4,5,3,3,89119.0,6467.0,1881.0,1122.0,4.2,True
4,5,3,4,91249.0,6462.0,1888.0,1125.0,4.0,True
4,5,4,0,86459.0,6464.0,1812.0,1064.0,2.8,True
4,5,4,1,86801.0,6466.0,1841.0,1091.0,3.1,True
4,5,4,2,86138.0,6468.0,1870.0,1106.0,2.8,True
4,5,4,3,87063.0,6466.0,1811.0,1067.0,3.6,True
4,5,4,4,86100.0,6462.0,1872.0,1106.0,2.5,True
4,10,0,0,161648.0,6472.0,3299.0,2066.0,8.8,True
4,10,0,1,158605.0,6472.0,3281.0,2074.0,8.0,True
4,10,0,2,158698.0,6472.0,3247.0,2035.0,9.1,True
4,10,0,3,158023.0,6472.0,3256.0,2039.0,9.8,True
4,10,0,4,155013.0,6471.0,3207.0,2018.0,10.4,True
4,10,1,0,157686.0,6472.0,3205.0,2008.0,10.0,True
4,10,1,1,159713.0,6471.0,3248.0,2045.0,11.6,True
4,10,1,2,163010.0,6472.0,3206.0,2020.0,13.1,True
4,10,1,3,165358.0,6472.0,3215.0,2025.0,44.4,True
4,10,1,4,160044.0,6472.0,3219.0,2020.0,11.2,True
4,10,2,0,156356.0,6472.0,3182.0,2001.0,23.3,True
4,10,2,1,155710.0,6471.0,3169.0,1988.0,12.1,True
4,10,2,2,155302.0,6472.0,3174.0,1998.0,11.6,True
4,10,2,3,153068.0,6471.0,3150.0,1988.0,9.1,True
4,10,2,4,154668.0,6472.0,3181.0,2001.0,10.4,True
4,10,3,0,163902.0,6472.0,3251.0,2037.0,10.6,True
4,10,3,1,163379.0,6472.0,3268.0,2043.0,12.6,True
4,10,3,2,162895.0,6472.0,3319.0,2075.0,11.9,True
4,10,3,3,166253.0,6472.0,3321.0,2067.0,9.4,True
4,10,3,4,168239.0,6472.0,3289.0,2057.0,10.4,True
4,10,4,0,163774.0,6472.0,3267.0,2036.0,8.4,True
4,10,4,1,172619.0,6472.0,3299.0,2056.0,10.9,True
4,10,4,2,165591.0,6472.0,3241.0,2013.0,9.7,True
4,10,4,3,171727.0,6472.0,3315.0,2051.0,8.6,True
4,10,4,4,169458.0,6472.0,3294.0,2061.0,7.3,True
