Configurazione,Rep,Seed,Modello,Colonne_sporcate,F1_test_pulito,F1_test_sporco,Quota_train_sporca
FD Origin+Dest -> Distance,0,100,Logistic Regression,3,0.8918,0.879,0.4005
FD Origin+Dest -> Distance,0,100,Random Forest,3,0.9178,0.9064,0.4005
FD Origin+Dest -> Distance,0,100,Decision Tree,3,0.9078,0.8874,0.4005
FD Origin+Dest -> Distance,0,100,Neural Network,3,0.8931,0.8636,0.4005
FD Origin+Dest -> Distance,2,102,Logistic Regression,3,0.8924,0.883,0.3942
FD Origin+Dest -> Distance,2,102,Random Forest,3,0.9179,0.9078,0.3942
FD Origin+Dest -> Distance,2,102,Decision Tree,3,0.9115,0.893,0.3942
FD Origin+Dest -> Distance,2,102,Neural Network,3,0.8965,0.8648,0.3942
FD Distance -> DistanceGroup,0,100,Logistic Regression,2,0.6823,0.6175,0.4005
FD Distance -> DistanceGroup,0,100,Random Forest,2,0.9135,0.8878,0.4005
FD Distance -> DistanceGroup,0,100,Decision Tree,2,0.8884,0.7203,0.4005
FD Distance -> DistanceGroup,0,100,Neural Network,2,0.8944,0.883,0.4005
FD Origin+Dest -> Distance,1,101,Logistic Regression,3,0.8919,0.8818,0.3991
FD Origin+Dest -> Distance,1,101,Random Forest,3,0.9194,0.9121,0.3991
FD Origin+Dest -> Distance,1,101,Decision Tree,3,0.9087,0.8909,0.3991
FD Origin+Dest -> Distance,1,101,Neural Network,3,0.8942,0.8601,0.3991
FD Distance -> DistanceGroup,1,101,Logistic Regression,2,0.6842,0.6205,0.3991
FD Distance -> DistanceGroup,1,101,Random Forest,2,0.9165,0.8856,0.3991
FD Distance -> DistanceGroup,1,101,Decision Tree,2,0.8844,0.7038,0.3991
FD Distance -> DistanceGroup,1,101,Neural Network,2,0.8948,0.8833,0.3991
FD Distance -> DistanceGroup,2,102,Logistic Regression,2,0.6871,0.6179,0.3942
FD Distance -> DistanceGroup,2,102,Random Forest,2,0.916,0.8867,0.3942
FD Distance -> DistanceGroup,2,102,Decision Tree,2,0.8833,0.7108,0.3942
FD Distance -> DistanceGroup,2,102,Neural Network,2,0.8927,0.8819,0.3942
FD CRSDepTime -> DepTimeBlk,0,100,Logistic Regression,2,0.9231,0.9215,0.4005
FD CRSDepTime -> DepTimeBlk,0,100,Random Forest,2,0.932,0.9299,0.4005
FD CRSDepTime -> DepTimeBlk,0,100,Decision Tree,2,0.9217,0.9181,0.4005
FD CRSDepTime -> DepTimeBlk,0,100,Neural Network,2,0.9135,0.9094,0.4005
FD CRSDepTime -> DepTimeBlk,1,101,Logistic Regression,2,0.925,0.9249,0.3991
FD CRSDepTime -> DepTimeBlk,1,101,Random Forest,2,0.931,0.9299,0.3991
FD CRSDepTime -> DepTimeBlk,1,101,Decision Tree,2,0.9182,0.9166,0.3991
FD CRSDepTime -> DepTimeBlk,1,101,Neural Network,2,0.911,0.9109,0.3991
FD CRSDepTime -> DepTimeBlk,2,102,Logistic Regression,2,0.925,0.9229,0.3942
FD CRSDepTime -> DepTimeBlk,2,102,Random Forest,2,0.9317,0.9306,0.3942
FD CRSDepTime -> DepTimeBlk,2,102,Decision Tree,2,0.922,0.9203,0.3942
FD CRSDepTime -> DepTimeBlk,2,102,Neural Network,2,0.9156,0.914,0.3942
FD Reporting_Airline -> IATA_CODE,0,100,Logistic Regression,2,0.9216,0.9185,0.4005
FD Reporting_Airline -> IATA_CODE,0,100,Random Forest,2,0.9326,0.9302,0.4005
FD Reporting_Airline -> IATA_CODE,0,100,Decision Tree,2,0.9158,0.9137,0.4005
FD Reporting_Airline -> IATA_CODE,0,100,Neural Network,2,0.9143,0.9077,0.4005
FD Reporting_Airline -> IATA_CODE,1,101,Logistic Regression,2,0.92,0.9155,0.3991
FD Reporting_Airline -> IATA_CODE,1,101,Random Forest,2,0.9321,0.9295,0.3991
FD Reporting_Airline -> IATA_CODE,1,101,Decision Tree,2,0.9228,0.9177,0.3991
FD Reporting_Airline -> IATA_CODE,1,101,Neural Network,2,0.9127,0.9072,0.3991
FD Reporting_Airline -> IATA_CODE,2,102,Logistic Regression,2,0.9212,0.9193,0.3942
FD Reporting_Airline -> IATA_CODE,2,102,Random Forest,2,0.9306,0.9282,0.3942
FD Reporting_Airline -> IATA_CODE,2,102,Decision Tree,2,0.9164,0.9147,0.3942
FD Reporting_Airline -> IATA_CODE,2,102,Neural Network,2,0.9137,0.9093,0.3942
FD OriginAirportID -> OriginState,0,100,Logistic Regression,2,0.9204,0.9194,0.4005
FD OriginAirportID -> OriginState,0,100,Random Forest,2,0.9312,0.9311,0.4005
FD OriginAirportID -> OriginState,0,100,Decision Tree,2,0.9231,0.9202,0.4005
FD OriginAirportID -> OriginState,0,100,Neural Network,2,0.9147,0.9107,0.4005
FD OriginAirportID -> OriginState,2,102,Logistic Regression,2,0.9225,0.9206,0.3942
FD OriginAirportID -> OriginState,2,102,Random Forest,2,0.9319,0.931,0.3942
FD OriginAirportID -> OriginState,2,102,Decision Tree,2,0.922,0.9193,0.3942
FD OriginAirportID -> OriginState,2,102,Neural Network,2,0.9151,0.9117,0.3942
FD OriginAirportID -> OriginState,1,101,Logistic Regression,2,0.9206,0.9184,0.3991
FD OriginAirportID -> OriginState,1,101,Random Forest,2,0.9295,0.9275,0.3991
FD OriginAirportID -> OriginState,1,101,Decision Tree,2,0.9213,0.9184,0.3991
FD OriginAirportID -> OriginState,1,101,Neural Network,2,0.9123,0.909,0.3991
FD DestAirportID -> DestState,0,100,Logistic Regression,2,0.921,0.92,0.4005
FD DestAirportID -> DestState,0,100,Random Forest,2,0.933,0.932,0.4005
FD DestAirportID -> DestState,0,100,Decision Tree,2,0.9208,0.9175,0.4005
FD DestAirportID -> DestState,0,100,Neural Network,2,0.9128,0.9069,0.4005
FD DestAirportID -> DestState,1,101,Logistic Regression,2,0.9197,0.918,0.3991
FD DestAirportID -> DestState,1,101,Random Forest,2,0.9312,0.9301,0.3991
FD DestAirportID -> DestState,1,101,Decision Tree,2,0.9218,0.9207,0.3991
FD DestAirportID -> DestState,1,101,Neural Network,2,0.9083,0.9054,0.3991
FD DestAirportID -> DestState,2,102,Logistic Regression,2,0.9209,0.9193,0.3942
FD DestAirportID -> DestState,2,102,Random Forest,2,0.93,0.9294,0.3942
FD DestAirportID -> DestState,2,102,Decision Tree,2,0.9248,0.9224,0.3942
FD DestAirportID -> DestState,2,102,Neural Network,2,0.9153,0.9091,0.3942
Concetto aeroporto di origine,0,100,Logistic Regression,7,0.9106,0.8917,0.4005
Concetto aeroporto di origine,0,100,Random Forest,7,0.9193,0.9029,0.4005
Concetto aeroporto di origine,0,100,Decision Tree,7,0.9113,0.8945,0.4005
Concetto aeroporto di origine,0,100,Neural Network,7,0.9022,0.8498,0.4005
Concetto aeroporto di origine,1,101,Logistic Regression,7,0.9113,0.8902,0.3991
Concetto aeroporto di origine,1,101,Random Forest,7,0.9208,0.9036,0.3991
Concetto aeroporto di origine,1,101,Decision Tree,7,0.9108,0.8974,0.3991
Concetto aeroporto di origine,1,101,Neural Network,7,0.8983,0.8461,0.3991
Concetto aeroporto di origine,2,102,Logistic Regression,7,0.9082,0.8877,0.3942
Concetto aeroporto di origine,2,102,Random Forest,7,0.9195,0.8979,0.3942
Concetto aeroporto di origine,2,102,Decision Tree,7,0.9123,0.8994,0.3942
Concetto aeroporto di origine,2,102,Neural Network,7,0.8987,0.8448,0.3942
Concetto aeroporto di destinazione,0,100,Logistic Regression,7,0.9116,0.893,0.4005
Concetto aeroporto di destinazione,0,100,Random Forest,7,0.9227,0.9045,0.4005
Concetto aeroporto di destinazione,0,100,Decision Tree,7,0.9148,0.9022,0.4005
Concetto aeroporto di destinazione,0,100,Neural Network,7,0.9012,0.8498,0.4005
Concetto aeroporto di destinazione,1,101,Logistic Regression,7,0.9093,0.892,0.3991
Concetto aeroporto di destinazione,1,101,Random Forest,7,0.9236,0.9049,0.3991
Concetto aeroporto di destinazione,1,101,Decision Tree,7,0.9139,0.9036,0.3991
Concetto aeroporto di destinazione,1,101,Neural Network,7,0.8991,0.8483,0.3991
Concetto aeroporto di destinazione,2,102,Logistic Regression,7,0.9135,0.8942,0.3942
Concetto aeroporto di destinazione,2,102,Random Forest,7,0.9211,0.8999,0.3942
Concetto aeroporto di destinazione,2,102,Decision Tree,7,0.915,0.9016,0.3942
Concetto aeroporto di destinazione,2,102,Neural Network,7,0.9031,0.8474,0.3942
Concetto rotta e distanza,0,100,Logistic Regression,16,0.6892,0.5156,0.4005
Concetto rotta e distanza,0,100,Random Forest,16,0.9034,0.672,0.4005
Concetto rotta e distanza,0,100,Decision Tree,16,0.902,0.6325,0.4005
Concetto rotta e distanza,0,100,Neural Network,16,0.8633,0.6196,0.4005
Concetto rotta e distanza,1,101,Logistic Regression,16,0.686,0.5209,0.3991
Concetto rotta e distanza,1,101,Random Forest,16,0.9068,0.6695,0.3991
Concetto rotta e distanza,1,101,Decision Tree,16,0.8961,0.6352,0.3991
Concetto rotta e distanza,1,101,Neural Network,16,0.863,0.6187,0.3991
Concetto rotta e distanza,2,102,Logistic Regression,16,0.6972,0.5277,0.3942
Concetto rotta e distanza,2,102,Random Forest,16,0.9066,0.6718,0.3942
Concetto rotta e distanza,2,102,Decision Tree,16,0.8936,0.6368,0.3942
Concetto rotta e distanza,2,102,Neural Network,16,0.869,0.6235,0.3942
