Config_FD,N_FD,Rumore_%,Fold,Seed,Modello,IM,IP,IH,IH_min,IM_FD1,IM_FD2,IM_FD3,IM_FD4,Colonne_sporcate,Righe_train,Righe_train_sporcate,Righe_test,Righe_test_modificate,Accuracy,Precision,Recall,F1_weighted,F1_macro,Tempo_s,Iterazioni,Tempo_lavoro_s,Baseline_condivisa
C1,1,0,2,1200,Logistic Regression,0,0,0,0,0,,,,0,44514,0,22256,0,0.9532260963335729,0.9531570902106247,0.9532260963335729,0.9531033975078459,0.9531031199660583,2.5,165.0,239.5,True
C1,1,0,2,1200,Random Forest,0,0,0,0,0,,,,0,44514,0,22256,0,0.9772196261682243,0.9771972415730461,0.9772196261682243,0.9771638332809929,0.9771633908525452,14.2,,239.5,True
C1,1,0,2,1200,Decision Tree,0,0,0,0,0,,,,0,44514,0,22256,0,0.9725467289719626,0.9724952671633534,0.9725467289719626,0.9725113558481137,0.9725107402133263,3.4,,239.5,True
C1,1,0,2,1200,Neural Network,0,0,0,0,0,,,,0,44514,0,22256,0,0.9720524802300503,0.9720155070908971,0.9720524802300503,0.9720083963828411,0.9720077746133085,218.1,133.0,239.5,True
C2,2,0,2,1200,Logistic Regression,0,0,0,0,0,0.0,,,0,44514,0,22256,0,0.9532260963335729,0.9531570902106247,0.9532260963335729,0.9531033975078459,0.9531031199660583,2.5,165.0,239.5,True
C2,2,0,2,1200,Random Forest,0,0,0,0,0,0.0,,,0,44514,0,22256,0,0.9772196261682243,0.9771972415730461,0.9772196261682243,0.9771638332809929,0.9771633908525452,14.2,,239.5,True
C2,2,0,2,1200,Decision Tree,0,0,0,0,0,0.0,,,0,44514,0,22256,0,0.9725467289719626,0.9724952671633534,0.9725467289719626,0.9725113558481137,0.9725107402133263,3.4,,239.5,True
C2,2,0,2,1200,Neural Network,0,0,0,0,0,0.0,,,0,44514,0,22256,0,0.9720524802300503,0.9720155070908971,0.9720524802300503,0.9720083963828411,0.9720077746133085,218.1,133.0,239.5,True
C3,3,0,2,1200,Logistic Regression,0,0,0,0,0,0.0,0.0,,0,44514,0,22256,0,0.9532260963335729,0.9531570902106247,0.9532260963335729,0.9531033975078459,0.9531031199660583,2.5,165.0,239.5,True
C3,3,0,2,1200,Random Forest,0,0,0,0,0,0.0,0.0,,0,44514,0,22256,0,0.9772196261682243,0.9771972415730461,0.9772196261682243,0.9771638332809929,0.9771633908525452,14.2,,239.5,True
C3,3,0,2,1200,Decision Tree,0,0,0,0,0,0.0,0.0,,0,44514,0,22256,0,0.9725467289719626,0.9724952671633534,0.9725467289719626,0.9725113558481137,0.9725107402133263,3.4,,239.5,True
C3,3,0,2,1200,Neural Network,0,0,0,0,0,0.0,0.0,,0,44514,0,22256,0,0.9720524802300503,0.9720155070908971,0.9720524802300503,0.9720083963828411,0.9720077746133085,218.1,133.0,239.5,True
C4,4,0,2,1200,Logistic Regression,0,0,0,0,0,0.0,0.0,0.0,0,44514,0,22256,0,0.9532260963335729,0.9531570902106247,0.9532260963335729,0.9531033975078459,0.9531031199660583,2.5,165.0,239.5,True
C4,4,0,2,1200,Random Forest,0,0,0,0,0,0.0,0.0,0.0,0,44514,0,22256,0,0.9772196261682243,0.9771972415730461,0.9772196261682243,0.9771638332809929,0.9771633908525452,14.2,,239.5,True
C4,4,0,2,1200,Decision Tree,0,0,0,0,0,0.0,0.0,0.0,0,44514,0,22256,0,0.9725467289719626,0.9724952671633534,0.9725467289719626,0.9725113558481137,0.9725107402133263,3.4,,239.5,True
C4,4,0,2,1200,Neural Network,0,0,0,0,0,0.0,0.0,0.0,0,44514,0,22256,0,0.9720524802300503,0.9720155070908971,0.9720524802300503,0.9720083963828411,0.9720077746133085,218.1,133.0,239.5,True
C1,1,0,1,1100,Logistic Regression,0,0,0,0,0,,,,0,44513,0,22257,0,0.95318326818529,0.9531419640860667,0.95318326818529,0.9530986545940788,0.9530982974425249,2.1,142.0,244.5,True
C1,1,0,1,1100,Random Forest,0,0,0,0,0,,,,0,44513,0,22257,0,0.9768162825178596,0.9767794885438208,0.9768162825178596,0.9767614224454703,0.9767614179508677,13.8,,244.5,True
C1,1,0,1,1100,Decision Tree,0,0,0,0,0,,,,0,44513,0,22257,0,0.9697173922810801,0.9697059997062564,0.9697173922810801,0.9697107152645176,0.9697106171790763,3.4,,244.5,True
C1,1,0,1,1100,Neural Network,0,0,0,0,0,,,,0,44513,0,22257,0,0.9723682436986116,0.9723263639496897,0.9723682436986116,0.9723175193301247,0.9723175488229568,223.8,140.0,244.5,True
C2,2,0,1,1100,Logistic Regression,0,0,0,0,0,0.0,,,0,44513,0,22257,0,0.95318326818529,0.9531419640860667,0.95318326818529,0.9530986545940788,0.9530982974425249,2.1,142.0,244.5,True
C2,2,0,1,1100,Random Forest,0,0,0,0,0,0.0,,,0,44513,0,22257,0,0.9768162825178596,0.9767794885438208,0.9768162825178596,0.9767614224454703,0.9767614179508677,13.8,,244.5,True
C2,2,0,1,1100,Decision Tree,0,0,0,0,0,0.0,,,0,44513,0,22257,0,0.9697173922810801,0.9697059997062564,0.9697173922810801,0.9697107152645176,0.9697106171790763,3.4,,244.5,True
C2,2,0,1,1100,Neural Network,0,0,0,0,0,0.0,,,0,44513,0,22257,0,0.9723682436986116,0.9723263639496897,0.9723682436986116,0.9723175193301247,0.9723175488229568,223.8,140.0,244.5,True
C3,3,0,1,1100,Logistic Regression,0,0,0,0,0,0.0,0.0,,0,44513,0,22257,0,0.95318326818529,0.9531419640860667,0.95318326818529,0.9530986545940788,0.9530982974425249,2.1,142.0,244.5,True
C3,3,0,1,1100,Random Forest,0,0,0,0,0,0.0,0.0,,0,44513,0,22257,0,0.9768162825178596,0.9767794885438208,0.9768162825178596,0.9767614224454703,0.9767614179508677,13.8,,244.5,True
C3,3,0,1,1100,Decision Tree,0,0,0,0,0,0.0,0.0,,0,44513,0,22257,0,0.9697173922810801,0.9697059997062564,0.9697173922810801,0.9697107152645176,0.9697106171790763,3.4,,244.5,True
C3,3,0,1,1100,Neural Network,0,0,0,0,0,0.0,0.0,,0,44513,0,22257,0,0.9723682436986116,0.9723263639496897,0.9723682436986116,0.9723175193301247,0.9723175488229568,223.8,140.0,244.5,True
C4,4,0,1,1100,Logistic Regression,0,0,0,0,0,0.0,0.0,0.0,0,44513,0,22257,0,0.95318326818529,0.9531419640860667,0.95318326818529,0.9530986545940788,0.9530982974425249,2.1,142.0,244.5,True
C4,4,0,1,1100,Random Forest,0,0,0,0,0,0.0,0.0,0.0,0,44513,0,22257,0,0.9768162825178596,0.9767794885438208,0.9768162825178596,0.9767614224454703,0.9767614179508677,13.8,,244.5,True
C4,4,0,1,1100,Decision Tree,0,0,0,0,0,0.0,0.0,0.0,0,44513,0,22257,0,0.9697173922810801,0.9697059997062564,0.9697173922810801,0.9697107152645176,0.9697106171790763,3.4,,244.5,True
C4,4,0,1,1100,Neural Network,0,0,0,0,0,0.0,0.0,0.0,0,44513,0,22257,0,0.9723682436986116,0.9723263639496897,0.9723682436986116,0.9723175193301247,0.9723175488229568,223.8,140.0,244.5,True
C1,1,0,0,1000,Logistic Regression,0,0,0,0,0,,,,0,44513,0,22257,0,0.9538122837758908,0.9538498467695488,0.9538122837758908,0.95367195638649,0.9536723412193371,2.4,160.0,291.9,True
C1,1,0,0,1000,Random Forest,0,0,0,0,0,,,,0,44513,0,22257,0,0.9757828997618727,0.9757988514113484,0.9757828997618727,0.9757068473473525,0.9757071841551042,14.1,,291.9,True
C1,1,0,0,1000,Decision Tree,0,0,0,0,0,,,,0,44513,0,22257,0,0.9727726108639978,0.972704085264415,0.9727726108639978,0.9727128712880004,0.9727132835724763,3.6,,291.9,True
C1,1,0,0,1000,Neural Network,0,0,0,0,0,,,,0,44513,0,22257,0,0.9691333063755223,0.9691061218740336,0.9691333063755223,0.9690870768447157,0.9690875149564089,270.6,181.0,291.9,True
C2,2,0,0,1000,Logistic Regression,0,0,0,0,0,0.0,,,0,44513,0,22257,0,0.9538122837758908,0.9538498467695488,0.9538122837758908,0.95367195638649,0.9536723412193371,2.4,160.0,291.9,True
C2,2,0,0,1000,Random Forest,0,0,0,0,0,0.0,,,0,44513,0,22257,0,0.9757828997618727,0.9757988514113484,0.9757828997618727,0.9757068473473525,0.9757071841551042,14.1,,291.9,True
C2,2,0,0,1000,Decision Tree,0,0,0,0,0,0.0,,,0,44513,0,22257,0,0.9727726108639978,0.972704085264415,0.9727726108639978,0.9727128712880004,0.9727132835724763,3.6,,291.9,True
C2,2,0,0,1000,Neural Network,0,0,0,0,0,0.0,,,0,44513,0,22257,0,0.9691333063755223,0.9691061218740336,0.9691333063755223,0.9690870768447157,0.9690875149564089,270.6,181.0,291.9,True
C3,3,0,0,1000,Logistic Regression,0,0,0,0,0,0.0,0.0,,0,44513,0,22257,0,0.9538122837758908,0.9538498467695488,0.9538122837758908,0.95367195638649,0.9536723412193371,2.4,160.0,291.9,True
C3,3,0,0,1000,Random Forest,0,0,0,0,0,0.0,0.0,,0,44513,0,22257,0,0.9757828997618727,0.9757988514113484,0.9757828997618727,0.9757068473473525,0.9757071841551042,14.1,,291.9,True
C3,3,0,0,1000,Decision Tree,0,0,0,0,0,0.0,0.0,,0,44513,0,22257,0,0.9727726108639978,0.972704085264415,0.9727726108639978,0.9727128712880004,0.9727132835724763,3.6,,291.9,True
C3,3,0,0,1000,Neural Network,0,0,0,0,0,0.0,0.0,,0,44513,0,22257,0,0.9691333063755223,0.9691061218740336,0.9691333063755223,0.9690870768447157,0.9690875149564089,270.6,181.0,291.9,True
C4,4,0,0,1000,Logistic Regression,0,0,0,0,0,0.0,0.0,0.0,0,44513,0,22257,0,0.9538122837758908,0.9538498467695488,0.9538122837758908,0.95367195638649,0.9536723412193371,2.4,160.0,291.9,True
C4,4,0,0,1000,Random Forest,0,0,0,0,0,0.0,0.0,0.0,0,44513,0,22257,0,0.9757828997618727,0.9757988514113484,0.9757828997618727,0.9757068473473525,0.9757071841551042,14.1,,291.9,True
C4,4,0,0,1000,Decision Tree,0,0,0,0,0,0.0,0.0,0.0,0,44513,0,22257,0,0.9727726108639978,0.972704085264415,0.9727726108639978,0.9727128712880004,0.9727132835724763,3.6,,291.9,True
C4,4,0,0,1000,Neural Network,0,0,0,0,0,0.0,0.0,0.0,0,44513,0,22257,0,0.9691333063755223,0.9691061218740336,0.9691333063755223,0.9690870768447157,0.9690875149564089,270.6,181.0,291.9,True
C1,1,5,0,1005,Logistic Regression,734,833,99,99,734,,,,10,44513,2225,22257,0,0.933683784876668,0.9335225560150724,0.933683784876668,0.9334397625740802,0.9334405289355605,2.7,170.0,273.2,False
C1,1,5,0,1005,Random Forest,734,833,99,99,734,,,,10,44513,2225,22257,0,0.9749292357460574,0.974940064161528,0.9749292357460574,0.9748557761799838,0.9748560779041812,19.1,,273.2,False
C1,1,5,0,1005,Decision Tree,734,833,99,99,734,,,,10,44513,2225,22257,0,0.9698971110212518,0.9698442277009129,0.9698971110212518,0.9698226319677482,0.9698230223165876,4.5,,273.2,False
C1,1,5,0,1005,Neural Network,734,833,99,99,734,,,,10,44513,2225,22257,0,0.9695826032259514,0.9695665803014721,0.9695826032259514,0.9695103905965257,0.9695107599908195,246.2,120.0,273.2,False
C1,1,5,2,1205,Logistic Regression,758,874,116,116,758,,,,10,44514,2225,22256,0,0.9336808051761323,0.9334693642309192,0.9336808051761323,0.9334298812288786,0.9334290995092867,2.6,171.0,296.3,False
C1,1,5,2,1205,Random Forest,758,874,116,116,758,,,,10,44514,2225,22256,0,0.975647016534867,0.9756132303452913,0.975647016534867,0.975582931052535,0.9755824778253114,18.6,,296.3,False
C1,1,5,2,1205,Decision Tree,758,874,116,116,758,,,,10,44514,2225,22256,0,0.9695812365204889,0.9695173960885741,0.9695812365204889,0.9695412885124249,0.9695407808041516,4.2,,296.3,False
C1,1,5,2,1205,Neural Network,758,874,116,116,758,,,,10,44514,2225,22256,0,0.9711538461538461,0.9710733697919354,0.9711538461538461,0.9710929719723559,0.9710922916335731,270.1,133.0,296.3,False
C2,2,5,0,1005,Logistic Regression,61727,34214,2019,2009,734,60993,,,11,44513,2225,22257,0,0.9011097632205598,0.900753556037467,0.9011097632205598,0.9008073265906528,0.9008082055553792,5.2,260.0,294.5,False
C2,2,5,0,1005,Random Forest,61727,34214,2019,2009,734,60993,,,11,44513,2225,22257,0,0.9751538841712719,0.9751652988336167,0.9751538841712719,0.9750740170916616,0.975074333126581,17.2,,294.5,False
C2,2,5,0,1005,Decision Tree,61727,34214,2019,2009,734,60993,,,11,44513,2225,22257,0,0.9698072516511659,0.9697647074436082,0.9698072516511659,0.9697415766623978,0.9697420045290253,7.6,,294.5,False
C2,2,5,0,1005,Neural Network,61727,34214,2019,2009,734,60993,,,11,44513,2225,22257,0,0.969313025115694,0.9692986610493523,0.969313025115694,0.9692356605740043,0.9692360318104862,263.6,130.0,294.5,False
C1,1,5,1,1105,Logistic Regression,804,928,124,124,804,,,,10,44513,2225,22257,0,0.9357505503886417,0.9355861925967919,0.9357505503886417,0.9355645885121396,0.9355644444547716,2.6,167.0,303.3,False
C1,1,5,1,1105,Random Forest,804,928,124,124,804,,,,10,44513,2225,22257,0,0.9749741654311004,0.9749469474513218,0.9749741654311004,0.9749148681811104,0.9749148752130108,18.5,,303.3,False
C1,1,5,1,1105,Decision Tree,804,928,124,124,804,,,,10,44513,2225,22257,0,0.9703913375567237,0.9703855275227037,0.9703913375567237,0.9703876032052905,0.9703875564443072,4.3,,303.3,False
C1,1,5,1,1105,Neural Network,804,928,124,124,804,,,,10,44513,2225,22257,0,0.9680549939344926,0.9680433703379332,0.9680549939344926,0.9680355141496046,0.9680355378209085,277.0,141.0,303.3,False
C2,2,5,1,1105,Logistic Regression,63281,35430,2052,2027,804,62477,,,11,44513,2225,22257,0,0.9089275284180258,0.9086777864070987,0.9089275284180258,0.908633722619674,0.908633487088173,4.6,277.0,233.5,False
C2,2,5,1,1105,Random Forest,63281,35430,2052,2027,804,62477,,,11,44513,2225,22257,0,0.975108954486229,0.9750774957577828,0.975108954486229,0.9750533964126178,0.9750533930994638,16.3,,233.5,False
C2,2,5,1,1105,Decision Tree,63281,35430,2052,2027,804,62477,,,11,44513,2225,22257,0,0.9682796423597071,0.9682483088406754,0.9682796423597071,0.9682616147217876,0.9682616149954741,6.5,,233.5,False
C2,2,5,1,1105,Neural Network,63281,35430,2052,2027,804,62477,,,11,44513,2225,22257,0,0.9706159859819382,0.9706529838561025,0.9706159859819382,0.970625117688128,0.9706251946946004,205.3,111.0,233.5,False
C3,3,5,1,1105,Logistic Regression,142069,42966,2279,2099,804,62477,78848,,13,44513,2225,22257,0,0.9086579503077683,0.9084344307562435,0.9086579503077683,0.908379771178303,0.9083795633407092,4.9,252.0,237.4,False
C3,3,5,1,1105,Random Forest,142069,42966,2279,2099,804,62477,78848,,13,44513,2225,22257,0,0.9746596576358,0.9746273450213339,0.9746596576358,0.9746006518984792,0.9746006651740341,15.2,,237.4,False
C3,3,5,1,1105,Decision Tree,142069,42966,2279,2099,804,62477,78848,,13,44513,2225,22257,0,0.9692680954306511,0.9692235473920416,0.9692680954306511,0.9692417145502609,0.9692417604945692,7.4,,237.4,False
C3,3,5,1,1105,Neural Network,142069,42966,2279,2099,804,62477,78848,,13,44513,2225,22257,0,0.9700319000763805,0.9700168462111218,0.9700319000763805,0.9700226902571778,0.9700226985773972,208.8,112.0,237.4,False
C3,3,5,0,1005,Logistic Regression,137030,43046,2269,2091,734,60993,75358,,13,44513,2225,22257,0,0.9025924428269758,0.9022320814954794,0.9025924428269758,0.9022728642673593,0.902273756603558,4.0,272.0,252.3,False
C3,3,5,0,1005,Random Forest,137030,43046,2269,2091,734,60993,75358,,13,44513,2225,22257,0,0.975108954486229,0.9751119013460037,0.975108954486229,0.975034206517069,0.9750345233412918,17.6,,252.3,False
C3,3,5,0,1005,Decision Tree,137030,43046,2269,2091,734,60993,75358,,13,44513,2225,22257,0,0.9693579548007368,0.9693061891369884,0.9693579548007368,0.9692930382654925,0.9692934315245548,6.3,,252.3,False
C3,3,5,0,1005,Neural Network,137030,43046,2269,2091,734,60993,75358,,13,44513,2225,22257,0,0.9698521813362089,0.9698320884881768,0.9698521813362089,0.9697838478251363,0.9697841933127525,223.4,120.0,252.3,False
C2,2,5,2,1205,Logistic Regression,62883,33925,2024,2003,758,62125,,,11,44514,2225,22256,0,0.9011951833213515,0.9007413674365681,0.9011951833213515,0.9007460374657661,0.9007452585555995,4.0,276.0,274.6,False
C2,2,5,2,1205,Random Forest,62883,33925,2024,2003,758,62125,,,11,44514,2225,22256,0,0.9760514018691588,0.976030152306404,0.9760514018691588,0.975984531625911,0.9759840420971063,17.2,,274.6,False
C2,2,5,2,1205,Decision Tree,62883,33925,2024,2003,758,62125,,,11,44514,2225,22256,0,0.9702102803738317,0.9701649595726846,0.9702102803738317,0.9701845396086344,0.9701839198354858,6.0,,274.6,False
C2,2,5,2,1205,Neural Network,62883,33925,2024,2003,758,62125,,,11,44514,2225,22256,0,0.9701653486700216,0.9701293258405316,0.9701653486700216,0.9700847965758419,0.9700841632074274,246.6,133.0,274.6,False
C3,3,5,2,1205,Logistic Regression,139222,42755,2259,2082,758,62125,76378,,13,44514,2225,22256,0,0.9014647735442128,0.9010647472896144,0.9014647735442128,0.9010441448430782,0.9010433307246337,4.7,273.0,256.1,False
C3,3,5,2,1205,Random Forest,139222,42755,2259,2082,758,62125,76378,,13,44514,2225,22256,0,0.9757368799424874,0.9757063210518877,0.9757368799424874,0.9756784474840133,0.9756779995595661,15.7,,256.1,False
C3,3,5,2,1205,Decision Tree,139222,42755,2259,2082,758,62125,76378,,13,44514,2225,22256,0,0.9695363048166786,0.9694864135081676,0.9695363048166786,0.9695080355281487,0.9695073653756447,7.4,,256.1,False
C3,3,5,2,1205,Neural Network,139222,42755,2259,2082,758,62125,76378,,13,44514,2225,22256,0,0.9703001437814522,0.9702624990116839,0.9703001437814522,0.9702512775034575,0.9702507167181663,227.3,121.0,256.1,False
C4,4,5,0,1005,Logistic Regression,429760,44513,2308,2184,734,60993,75358,293789,18,44513,2225,22257,0,0.9022330053466325,0.9019280467071306,0.9022330053466325,0.9019466035883998,0.9019474900382634,4.8,286.0,307.7,False
C4,4,5,0,1005,Random Forest,429760,44513,2308,2184,734,60993,75358,293789,18,44513,2225,22257,0,0.9755582513366581,0.9755772569386448,0.9755582513366581,0.9754816436948759,0.975481950089814,16.5,,307.7,False
C4,4,5,0,1005,Decision Tree,429760,44513,2308,2184,734,60993,75358,293789,18,44513,2225,22257,0,0.9703913375567237,0.9703462219409665,0.9703913375567237,0.970333329521407,0.9703337288062885,7.1,,307.7,False
C4,4,5,0,1005,Neural Network,429760,44513,2308,2184,734,60993,75358,293789,18,44513,2225,22257,0,0.9691333063755223,0.9690769138419474,0.9691333063755223,0.9690887814134218,0.9690892283993934,277.8,147.0,307.7,False
C4,4,5,2,1205,Logistic Regression,421584,44514,2298,2173,758,62125,76378,283538,18,44514,2225,22256,0,0.9029025880661394,0.9024776412252032,0.9029025880661394,0.902486606480743,0.9024858520270614,4.4,288.0,286.8,False
C4,4,5,2,1205,Random Forest,421584,44514,2298,2173,758,62125,76378,283538,18,44514,2225,22256,0,0.9760064701653487,0.9759852738855663,0.9760064701653487,0.9759465131108572,0.9759460969385991,15.8,,286.8,False
C4,4,5,2,1205,Decision Tree,421584,44514,2298,2173,758,62125,76378,283538,18,44514,2225,22256,0,0.9697609633357297,0.9697287444527709,0.9697609633357297,0.9697424686436491,0.9697418034446412,7.5,,286.8,False
C4,4,5,2,1205,Neural Network,421584,44514,2298,2173,758,62125,76378,283538,18,44514,2225,22256,0,0.9708842559309849,0.9708164029182873,0.9708842559309849,0.9708307551741914,0.9708301794593366,257.8,133.0,286.8,False
C4,4,5,1,1105,Logistic Regression,434127,44513,2306,2177,804,62477,78848,293526,18,44513,2225,22257,0,0.9095116143235836,0.9092670694138479,0.9095116143235836,0.9092479770249247,0.9092477424306946,4.4,271.0,324.8,False
C4,4,5,1,1105,Random Forest,434127,44513,2306,2177,804,62477,78848,293526,18,44513,2225,22257,0,0.9755133216516152,0.975482421286427,0.9755133216516152,0.9754603120511449,0.9754602886782333,15.5,,324.8,False
C4,4,5,1,1105,Decision Tree,434127,44513,2306,2177,804,62477,78848,293526,18,44513,2225,22257,0,0.9669317518084198,0.9669045505490711,0.9669317518084198,0.9669138133703046,0.9669137719384746,6.8,,324.8,False
C4,4,5,1,1105,Neural Network,434127,44513,2306,2177,804,62477,78848,293526,18,44513,2225,22257,0,0.9690883766904794,0.9690517845348305,0.9690883766904794,0.9690349769377274,0.969035006970372,296.8,160.0,324.8,False
C1,1,10,0,1010,Logistic Regression,2038,2314,293,293,2038,,,,10,44513,4451,22257,0,0.9301343397582783,0.929940929379308,0.9301343397582783,0.9298857614229997,0.9298865663657996,3.2,179.0,254.5,False
C1,1,10,0,1010,Random Forest,2038,2314,293,293,2038,,,,10,44513,4451,22257,0,0.9740755717302422,0.9740812373769971,0.9740755717302422,0.9740018077471899,0.9740021418378808,17.5,,254.5,False
C1,1,10,0,1010,Decision Tree,2038,2314,293,293,2038,,,,10,44513,4451,22257,0,0.9691782360605652,0.9691272588434884,0.9691782360605652,0.9691237334030042,0.9691241330932066,7.0,,254.5,False
C1,1,10,0,1010,Neural Network,2038,2314,293,293,2038,,,,10,44513,4451,22257,0,0.9685042907849216,0.9684326298696845,0.9685042907849216,0.9684455251983441,0.9684458921099809,225.9,121.0,254.5,False
C1,1,10,2,1210,Logistic Regression,2024,2285,318,318,2024,,,,10,44514,4451,22256,0,0.9307153127246586,0.9304723155378789,0.9307153127246586,0.9304869863105231,0.9304860834674417,3.3,184.0,289.3,False
C1,1,10,2,1210,Random Forest,2024,2285,318,318,2024,,,,10,44514,4451,22256,0,0.975422358015816,0.9753849298600409,0.975422358015816,0.9753675415343673,0.9753670748165476,16.7,,289.3,False
C1,1,10,2,1210,Decision Tree,2024,2285,318,318,2024,,,,10,44514,4451,22256,0,0.969176851186197,0.9691501186579811,0.969176851186197,0.9691546730212653,0.969154114765568,6.8,,289.3,False
C1,1,10,2,1210,Neural Network,2024,2285,318,318,2024,,,,10,44514,4451,22256,0,0.9670650611071172,0.9670363941650094,0.9670650611071172,0.9670122755634919,0.9670116804836507,261.6,133.0,289.3,False
C1,1,10,1,1110,Logistic Regression,1788,2088,322,322,1788,,,,10,44513,4451,22257,0,0.93417801141214,0.9340033134487667,0.93417801141214,0.9339711712578388,0.9339710576730781,3.6,182.0,332.0,False
C1,1,10,1,1110,Random Forest,1788,2088,322,322,1788,,,,10,44513,4451,22257,0,0.976097407557173,0.97607536550741,0.976097407557173,0.9760402770723356,0.976040251164277,17.5,,332.0,False
C1,1,10,1,1110,Decision Tree,1788,2088,322,322,1788,,,,10,44513,4451,22257,0,0.9694478141708227,0.9694552724283746,0.9694478141708227,0.9694505410221105,0.9694505702017089,7.0,,332.0,False
C1,1,10,1,1110,Neural Network,1788,2088,322,322,1788,,,,10,44513,4451,22257,0,0.9690883766904794,0.9690441730694855,0.9690883766904794,0.9690546208084566,0.9690546509778027,302.9,160.0,332.0,False
C2,2,10,0,1010,Logistic Regression,123850,42372,4084,4042,2038,121812,,,11,44513,4451,22257,0,0.8647167183358044,0.8641328493852909,0.8647167183358044,0.8642460283596813,0.8642471930784794,5.4,302.0,334.1,False
C2,2,10,0,1010,Random Forest,123850,42372,4084,4042,2038,121812,,,11,44513,4451,22257,0,0.9738958529900705,0.973884995018276,0.9738958529900705,0.9738260033769757,0.9738263388838095,18.4,,334.1,False
C2,2,10,0,1010,Decision Tree,123850,42372,4084,4042,2038,121812,,,11,44513,4451,22257,0,0.9671114705485915,0.9670763165433627,0.9671114705485915,0.9670525952686062,0.9670530827582787,9.3,,334.1,False
C2,2,10,0,1010,Neural Network,123850,42372,4084,4042,2038,121812,,,11,44513,4451,22257,0,0.9679202048793638,0.9679009715495276,0.9679202048793638,0.9678998204185426,0.9679002264924836,300.2,156.0,334.1,False
C2,2,10,1,1110,Logistic Regression,121507,42112,4063,4020,1788,119719,,,11,44513,4451,22257,0,0.8661095385721346,0.8654319222899931,0.8661095385721346,0.8655609246285734,0.8655607128643108,4.5,251.0,257.9,False
C2,2,10,1,1110,Random Forest,121507,42112,4063,4020,1788,119719,,,11,44513,4451,22257,0,0.9760075481870872,0.9759737243477061,0.9760075481870872,0.9759614820867925,0.9759614584695422,21.7,,257.9,False
C2,2,10,1,1110,Decision Tree,121507,42112,4063,4020,1788,119719,,,11,44513,4451,22257,0,0.9681448533045783,0.968113901121926,0.9681448533045783,0.9681280245661752,0.968127940140542,10.5,,257.9,False
C2,2,10,1,1110,Neural Network,121507,42112,4063,4020,1788,119719,,,11,44513,4451,22257,0,0.9703464078716808,0.9702922044426474,0.9703464078716808,0.9703029273071888,0.9703029350043308,220.3,122.0,257.9,False
C2,2,10,2,1210,Logistic Regression,122619,42963,4058,4000,2024,120595,,,11,44514,4451,22256,0,0.8642163910855499,0.8635316757989177,0.8642163910855499,0.8637181785537608,0.8637171817056,4.6,289.0,299.5,False
C2,2,10,2,1210,Random Forest,122619,42963,4058,4000,2024,120595,,,11,44514,4451,22256,0,0.9751976994967649,0.9751554053840045,0.9751976994967649,0.9751489232015442,0.975148425666078,17.9,,299.5,False
C2,2,10,2,1210,Decision Tree,122619,42963,4058,4000,2024,120595,,,11,44514,4451,22256,0,0.9694464414090582,0.9694088722399004,0.9694464414090582,0.9694229411490899,0.96942236645422,9.2,,299.5,False
C2,2,10,2,1210,Neural Network,122619,42963,4058,4000,2024,120595,,,11,44514,4451,22256,0,0.9658968368080517,0.9658721343891254,0.9658968368080517,0.9658783590413964,0.9658777366817484,267.0,145.0,299.5,False
C3,3,10,0,1010,Logistic Regression,276783,44437,4507,4206,2038,121812,153034,,13,44513,4451,22257,0,0.8657051714067484,0.8651026924720993,0.8657051714067484,0.8652191122579176,0.8652202770225585,4.6,273.0,274.7,False
C3,3,10,0,1010,Random Forest,276783,44437,4507,4206,2038,121812,153034,,13,44513,4451,22257,0,0.9743002201554567,0.9743205970055491,0.9743002201554567,0.9742240110277601,0.9742243351290121,18.5,,274.7,False
C3,3,10,0,1010,Decision Tree,276783,44437,4507,4206,2038,121812,153034,,13,44513,4451,22257,0,0.9680549939344926,0.9679970329740224,0.9680549939344926,0.967982740498037,0.9679831675851803,9.1,,274.7,False
C3,3,10,0,1010,Neural Network,276783,44437,4507,4206,2038,121812,153034,,13,44513,4451,22257,0,0.9670665408635486,0.9670017127867365,0.9670665408635486,0.9670105794777869,0.9670110817689557,241.5,131.0,274.7,False
C3,3,10,1,1110,Logistic Regression,274456,44396,4541,4203,1788,119719,153056,,13,44513,4451,22257,0,0.8688053196747091,0.868232955539389,0.8688053196747091,0.8683013804404563,0.8683011133177729,4.2,271.0,262.5,False
C3,3,10,1,1110,Random Forest,274456,44396,4541,4203,1788,119719,153056,,13,44513,4451,22257,0,0.9755582513366581,0.9755238069607852,0.9755582513366581,0.9755023112452738,0.9755023161359556,17.5,,262.5,False
C3,3,10,1,1110,Decision Tree,274456,44396,4541,4203,1788,119719,153056,,13,44513,4451,22257,0,0.9674259783438918,0.967409399453556,0.9674259783438918,0.9674170149539453,0.9674169967423409,9.4,,262.5,False
C3,3,10,1,1110,Neural Network,274456,44396,4541,4203,1788,119719,153056,,13,44513,4451,22257,0,0.9693579548007368,0.9693438410481325,0.9693579548007368,0.9692722771364694,0.9692723568695832,230.3,126.0,262.5,False
C3,3,10,2,1210,Logistic Regression,273415,44463,4513,4205,2024,120595,150906,,13,44514,4451,22256,0,0.8644859813084113,0.8638990096962794,0.8644859813084113,0.8640498114687675,0.8640487491855071,4.9,292.0,277.5,False
C3,3,10,2,1210,Random Forest,273415,44463,4513,4205,2024,120595,150906,,13,44514,4451,22256,0,0.9751078360891445,0.9750690911303196,0.9751078360891445,0.9750549168904571,0.9750545054154014,17.8,,277.5,False
C3,3,10,2,1210,Decision Tree,273415,44463,4513,4205,2024,120595,150906,,13,44514,4451,22256,0,0.971108914450036,0.9710752927599177,0.971108914450036,0.9710880217384658,0.971087461872197,9.2,,277.5,False
C3,3,10,2,1210,Neural Network,273415,44463,4513,4205,2024,120595,150906,,13,44514,4451,22256,0,0.9679187634795111,0.9678806235897205,0.9679187634795111,0.9678901280748615,0.9678895720422732,244.6,133.0,277.5,False
C4,4,10,1,1110,Logistic Regression,825639,44513,4605,4344,1788,119719,153056,553626,18,44513,4451,22257,0,0.864941366761019,0.8641717932719175,0.864941366761019,0.8643039550950048,0.864303675210534,4.5,274.0,246.0,False
C4,4,10,1,1110,Random Forest,825639,44513,4605,4344,1788,119719,153056,553626,18,44513,4451,22257,0,0.9761872669272589,0.9761516159918135,0.9761872669272589,0.9761347133616445,0.9761347024779925,16.9,,246.0,False
C4,4,10,1,1110,Decision Tree,825639,44513,4605,4344,1788,119719,153056,553626,18,44513,4451,22257,0,0.9680100642494496,0.9679819292415668,0.9680100642494496,0.9679939899637814,0.9679939845430819,8.5,,246.0,False
C4,4,10,1,1110,Neural Network,825639,44513,4605,4344,1788,119719,153056,553626,18,44513,4451,22257,0,0.9694927438558656,0.9694174045365597,0.9694927438558656,0.9694295681046353,0.9694296337292154,214.8,117.0,246.0,False
C4,4,10,0,1010,Logistic Regression,841444,44513,4577,4349,2038,121812,153034,567341,18,44513,4451,22257,0,0.8628746012490452,0.8621942114960194,0.8628746012490452,0.8623327253117165,0.8623339621461004,5.3,302.0,286.4,False
C4,4,10,0,1010,Random Forest,841444,44513,4577,4349,2038,121812,153034,567341,18,44513,4451,22257,0,0.973671204564856,0.9736577287400401,0.973671204564856,0.9735981716183284,0.9735985203756563,18.0,,286.4,False
C4,4,10,0,1010,Decision Tree,841444,44513,4577,4349,2038,121812,153034,567341,18,44513,4451,22257,0,0.967785415824235,0.9677159004406005,0.967785415824235,0.967742592106639,0.9677430441949089,8.1,,286.4,False
C4,4,10,0,1010,Neural Network,841444,44513,4577,4349,2038,121812,153034,567341,18,44513,4451,22257,0,0.9661230174776475,0.9660646731063649,0.9661230174776475,0.9660364550318131,0.9660369111012941,253.8,139.0,286.4,False
C1,1,15,0,1015,Logistic Regression,2288,2627,437,437,2288,,,,10,44513,6676,22257,0,0.9283820820416049,0.9281494469552932,0.9283820820416049,0.9281287403823021,0.9281295558042519,3.5,185.0,276.7,False
C1,1,15,0,1015,Random Forest,2288,2627,437,437,2288,,,,10,44513,6676,22257,0,0.9726378218088692,0.9726289812052943,0.9726378218088692,0.9725461558008074,0.9725465104741391,18.5,,276.7,False
C1,1,15,0,1015,Decision Tree,2288,2627,437,437,2288,,,,10,44513,6676,22257,0,0.9660780877926046,0.9660160999744607,0.9660780877926046,0.9660392054084885,0.9660396567463156,7.9,,276.7,False
C1,1,15,0,1015,Neural Network,2288,2627,437,437,2288,,,,10,44513,6676,22257,0,0.9661230174776475,0.9660977585938348,0.9661230174776475,0.9660171175043317,0.966017511715419,246.0,132.0,276.7,False
C4,4,10,2,1210,Logistic Regression,830192,44514,4593,4360,2024,120595,150906,559501,18,44514,4451,22256,0,0.8656092739036664,0.8649791809422568,0.8656092739036664,0.8651735644341297,0.8651726580424342,4.6,299.0,360.7,False
C4,4,10,2,1210,Random Forest,830192,44514,4593,4360,2024,120595,150906,559501,18,44514,4451,22256,0,0.9751078360891445,0.9750646669214257,0.9751078360891445,0.975057307104076,0.9750568355072946,16.2,,360.7,False
C4,4,10,2,1210,Decision Tree,830192,44514,4593,4360,2024,120595,150906,559501,18,44514,4451,22256,0,0.9690869877785766,0.9690739358221871,0.9690869877785766,0.9690785859369159,0.9690780371109631,9.1,,360.7,False
C4,4,10,2,1210,Neural Network,830192,44514,4593,4360,2024,120595,150906,559501,18,44514,4451,22256,0,0.966391085549964,0.9663306742823756,0.966391085549964,0.9663466103459931,0.966346042244082,329.5,177.0,360.7,False
C1,1,15,2,1215,Logistic Regression,2225,2635,475,475,2225,,,,10,44514,6677,22256,0,0.9286933860531992,0.9284521788063967,0.9286933860531992,0.928502972382673,0.9285020107408297,3.2,172.0,268.0,False
C1,1,15,2,1215,Random Forest,2225,2635,475,475,2225,,,,10,44514,6677,22256,0,0.9741642703091301,0.9741120843532336,0.9741642703091301,0.974113052299226,0.9741126288555982,18.7,,268.0,False
C1,1,15,2,1215,Decision Tree,2225,2635,475,475,2225,,,,10,44514,6677,22256,0,0.9667505391804457,0.9667116122624057,0.9667505391804457,0.9667279686369556,0.9667273339373693,7.1,,268.0,False
C1,1,15,2,1215,Neural Network,2225,2635,475,475,2225,,,,10,44514,6677,22256,0,0.9669751976994968,0.9669445521042654,0.9669751976994968,0.9669543620348897,0.9669536767753749,238.1,124.0,268.0,False
C1,1,15,1,1115,Logistic Regression,2563,2851,477,477,2563,,,,10,44513,6676,22257,0,0.9300894100732354,0.9299023540510024,0.9300894100732354,0.9298569788838048,0.9298570014633392,2.6,150.0,301.0,False
C1,1,15,1,1115,Random Forest,2563,2851,477,477,2563,,,,10,44513,6676,22257,0,0.9736262748798131,0.973576459013016,0.9736262748798131,0.9735610715949393,0.9735610939636994,19.0,,301.0,False
C1,1,15,1,1115,Decision Tree,2563,2851,477,477,2563,,,,10,44513,6676,22257,0,0.9682347126746641,0.9682123425387035,0.9682347126746641,0.9682211810932739,0.9682211131828493,7.4,,301.0,False
C1,1,15,1,1115,Neural Network,2563,2851,477,477,2563,,,,10,44513,6676,22257,0,0.9680549939344926,0.9680242183095705,0.9680549939344926,0.9679956208149408,0.967995723776317,271.1,146.0,301.0,False
C2,2,15,1,1115,Logistic Regression,177723,44056,6114,6047,2563,175160,,,11,44513,6676,22257,0,0.8286381812463495,0.8274094252115387,0.8286381812463495,0.8278060173973049,0.8278056352349086,4.3,267.0,287.2,False
C2,2,15,1,1115,Random Forest,177723,44056,6114,6047,2563,175160,,,11,44513,6676,22257,0,0.9731320483443411,0.9730776038140012,0.9731320483443411,0.9730656687307825,0.9730656874510142,20.4,,287.2,False
C2,2,15,1,1115,Decision Tree,177723,44056,6114,6047,2563,175160,,,11,44513,6676,22257,0,0.9661230174776475,0.9661293459912341,0.9661230174776475,0.966122887760016,0.9661229484095163,8.3,,287.2,False
C2,2,15,1,1115,Neural Network,177723,44056,6114,6047,2563,175160,,,11,44513,6676,22257,0,0.9679202048793638,0.9679004836614585,0.9679202048793638,0.9678319679813544,0.9678320651970898,253.2,137.0,287.2,False
C2,2,15,0,1015,Logistic Regression,175700,44325,6118,6069,2288,173412,,,11,44513,6676,22257,0,0.8326818529002111,0.8318085325665661,0.8326818529002111,0.8320595536428864,0.8320613563658407,4.5,255.0,315.5,False
C2,2,15,0,1015,Random Forest,175700,44325,6118,6069,2288,173412,,,11,44513,6676,22257,0,0.9719189468481826,0.9718987334961038,0.9719189468481826,0.9718379913120815,0.9718383502219943,20.9,,315.5,False
C2,2,15,0,1015,Decision Tree,175700,44325,6118,6069,2288,173412,,,11,44513,6676,22257,0,0.9654041425169609,0.9653098058514753,0.9654041425169609,0.9653243585482515,0.965324798953134,9.0,,315.5,False
C2,2,15,0,1015,Neural Network,175700,44325,6118,6069,2288,173412,,,11,44513,6676,22257,0,0.9637417441703734,0.9636669236905261,0.9637417441703734,0.9636746235089788,0.9636750953935447,280.3,151.0,315.5,False
C3,3,15,0,1015,Logistic Regression,401310,44513,6792,6298,2288,173412,225778,,13,44513,6676,22257,0,0.8336703059711551,0.832682065148408,0.8336703059711551,0.8329660437437907,0.832967726176426,4.7,287.0,313.8,False
C3,3,15,0,1015,Random Forest,401310,44513,6792,6298,2288,173412,225778,,13,44513,6676,22257,0,0.9721435952733971,0.9721224405248167,0.9721435952733971,0.9720629124980322,0.9720632662271438,20.1,,313.8,False
C3,3,15,0,1015,Decision Tree,401310,44513,6792,6298,2288,173412,225778,,13,44513,6676,22257,0,0.9658085096823471,0.9657253243325409,0.9658085096823471,0.9657329478644319,0.9657333998113014,9.3,,313.8,False
C3,3,15,0,1015,Neural Network,401310,44513,6792,6298,2288,173412,225778,,13,44513,6676,22257,0,0.9641011816507167,0.9640541373458483,0.9641011816507167,0.9640567978197546,0.9640573241943841,278.7,151.0,313.8,False
C2,2,15,2,1215,Logistic Regression,177261,44284,6116,6055,2225,175036,,,11,44514,6677,22256,0,0.8281362329259525,0.827212598400246,0.8281362329259525,0.8274952723099399,0.8274939949607175,4.2,272.0,318.9,False
C2,2,15,2,1215,Random Forest,177261,44284,6116,6055,2225,175036,,,11,44514,6677,22256,0,0.9747483824586628,0.9747026812019941,0.9747483824586628,0.9746900676307392,0.9746896603769187,19.9,,318.9,False
C2,2,15,2,1215,Decision Tree,177261,44284,6116,6055,2225,175036,,,11,44514,6677,22256,0,0.9670650611071172,0.9670098091207604,0.9670650611071172,0.967033851017554,0.9670332865348966,9.0,,318.9,False
C2,2,15,2,1215,Neural Network,177261,44284,6116,6055,2225,175036,,,11,44514,6677,22256,0,0.967020129403307,0.9669598659468743,0.967020129403307,0.9669818573254266,0.9669812085975119,284.9,154.0,318.9,False
C3,3,15,1,1115,Logistic Regression,400985,44509,6790,6305,2563,175160,223395,,13,44513,6676,22257,0,0.830300579592937,0.8289657706482134,0.830300579592937,0.8293931597436933,0.8293927820158192,4.3,254.0,273.3,False
C3,3,15,1,1115,Random Forest,400985,44509,6790,6305,2563,175160,223395,,13,44513,6676,22257,0,0.9733117670845127,0.973255052409915,0.9733117670845127,0.97324623642075,0.9732462390314888,18.8,,273.3,False
C3,3,15,1,1115,Decision Tree,400985,44509,6790,6305,2563,175160,223395,,13,44513,6676,22257,0,0.9666621736981624,0.9666415822628718,0.9666621736981624,0.9666491794897614,0.9666491832336984,9.8,,273.3,False
C3,3,15,1,1115,Neural Network,400985,44509,6790,6305,2563,175160,223395,,13,44513,6676,22257,0,0.965898369052433,0.9660546706670686,0.965898369052433,0.9658007752319528,0.9658008608095354,239.3,132.0,273.3,False
C3,3,15,2,1215,Logistic Regression,389213,44512,6771,6310,2225,175036,212094,,13,44514,6677,22256,0,0.8294841840402588,0.828715786616869,0.8294841840402588,0.8289492180409245,0.8289478341432257,4.1,254.0,316.4,False
C3,3,15,2,1215,Random Forest,389213,44512,6771,6310,2225,175036,212094,,13,44514,6677,22256,0,0.9742092020129404,0.9741631689762464,0.9742092020129404,0.9741481597973171,0.9741477131698992,18.1,,316.4,False
C3,3,15,2,1215,Decision Tree,389213,44512,6771,6310,2225,175036,212094,,13,44514,6677,22256,0,0.9663012221423436,0.9662551699015224,0.9663012221423436,0.9662740042959458,0.9662734446839896,10.7,,316.4,False
C3,3,15,2,1215,Neural Network,389213,44512,6771,6310,2225,175036,212094,,13,44514,6677,22256,0,0.9651329978432782,0.9650730169856311,0.9651329978432782,0.9650761246093492,0.9650755359960541,282.5,154.0,316.4,False
C4,4,15,1,1115,Logistic Regression,1233878,44513,6890,6549,2563,175160,223395,836540,18,44513,6676,22257,0,0.8287729703014782,0.8272920287751582,0.8287729703014782,0.8277754322233356,0.8277749869409418,4.6,270.0,286.5,False
C4,4,15,1,1115,Random Forest,1233878,44513,6890,6549,2563,175160,223395,836540,18,44513,6676,22257,0,0.9730871186592982,0.9730209106659111,0.9730871186592982,0.973026789962223,0.9730267997413959,19.4,,286.5,False
C4,4,15,1,1115,Decision Tree,1233878,44513,6890,6549,2563,175160,223395,836540,18,44513,6676,22257,0,0.9656737206272185,0.9656589828736861,0.9656737206272185,0.9656658077554203,0.9656657423208147,9.1,,286.5,False
C4,4,15,1,1115,Neural Network,1233878,44513,6890,6549,2563,175160,223395,836540,18,44513,6676,22257,0,0.9661230174776475,0.966053080956544,0.9661230174776475,0.9660457691178282,0.9660458512628223,252.1,137.0,286.5,False
C4,4,15,0,1015,Logistic Regression,1215075,44513,6880,6519,2288,173412,225778,817337,18,44513,6676,22257,0,0.8309295951835378,0.8298465474921128,0.8309295951835378,0.8301525106537235,0.8301541405904349,4.8,298.0,313.3,False
C4,4,15,0,1015,Random Forest,1215075,44513,6880,6519,2288,173412,225778,817337,18,44513,6676,22257,0,0.9723233140135688,0.9723076560830423,0.9723233140135688,0.9722379070377917,0.9722382727566121,20.4,,313.3,False
C4,4,15,0,1015,Decision Tree,1215075,44513,6880,6519,2288,173412,225778,817337,18,44513,6676,22257,0,0.96585343936739,0.9657782024403092,0.96585343936739,0.9657974171851729,0.9657979186928735,9.4,,313.3,False
C4,4,15,0,1015,Neural Network,1215075,44513,6880,6519,2288,173412,225778,817337,18,44513,6676,22257,0,0.9632924473199442,0.9632350622355045,0.9632924473199442,0.9632192908432179,0.9632198031440409,277.4,151.0,313.3,False
C4,4,15,2,1215,Logistic Regression,1187016,44514,6867,6521,2225,175036,212094,800996,18,44514,6677,22256,0,0.8259795111430626,0.825209641553498,0.8259795111430626,0.8254369768069282,0.8254357249461541,4.7,274.0,319.6,False
C4,4,15,2,1215,Random Forest,1187016,44514,6867,6521,2225,175036,212094,800996,18,44514,6677,22256,0,0.9744338605319913,0.974394992335579,0.9744338605319913,0.9743734902895795,0.9743730638574096,19.0,,319.6,False
C4,4,15,2,1215,Decision Tree,1187016,44514,6867,6521,2225,175036,212094,800996,18,44514,6677,22256,0,0.9682332854061826,0.9681771174403451,0.9682332854061826,0.968196059164243,0.9681955300764742,10.6,,319.6,False
C4,4,15,2,1215,Neural Network,1187016,44514,6867,6521,2225,175036,212094,800996,18,44514,6677,22256,0,0.9644590222861251,0.9644224580220941,0.9644590222861251,0.964326917020941,0.964326159434194,284.0,155.0,319.6,False
C1,1,20,0,1020,Logistic Regression,3199,3829,751,751,3199,,,,10,44513,8902,22257,0,0.9269892618052747,0.9267195329561766,0.9269892618052747,0.9267128137153192,0.9267136673617067,3.1,174.0,265.7,False
C1,1,20,0,1020,Random Forest,3199,3829,751,751,3199,,,,10,44513,8902,22257,0,0.9715595093678393,0.9715478110309714,0.9715595093678393,0.9714738308229912,0.9714742201691532,19.6,,265.7,False
C1,1,20,0,1020,Decision Tree,3199,3829,751,751,3199,,,,10,44513,8902,22257,0,0.963876533225502,0.9637959708572343,0.963876533225502,0.9638009680458544,0.9638014730513562,7.5,,265.7,False
C1,1,20,0,1020,Neural Network,3199,3829,751,751,3199,,,,10,44513,8902,22257,0,0.9678303455092779,0.967766518873747,0.9678303455092779,0.9677891102509827,0.9677895329472364,234.6,130.0,265.7,False
C1,1,20,2,1220,Logistic Regression,3875,4535,823,823,3875,,,,10,44514,8902,22256,0,0.9264468008626887,0.9262256853339373,0.9264468008626887,0.9261855277025343,0.926184637872255,2.8,169.0,272.1,False
C1,1,20,2,1220,Random Forest,3875,4535,823,823,3875,,,,10,44514,8902,22256,0,0.9730859094176851,0.9730365559296615,0.9730859094176851,0.9730226415879681,0.973022104256834,18.6,,272.1,False
C1,1,20,2,1220,Decision Tree,3875,4535,823,823,3875,,,,10,44514,8902,22256,0,0.9658519051042416,0.9658033804336619,0.9658519051042416,0.9658181291139224,0.9658175477353874,7.5,,272.1,False
C1,1,20,2,1220,Neural Network,3875,4535,823,823,3875,,,,10,44514,8902,22256,0,0.9637401150251618,0.9636736747293119,0.9637401150251618,0.9636095109758477,0.9636087416683037,242.5,133.0,272.1,False
C1,1,20,1,1120,Logistic Regression,3777,4339,751,751,3777,,,,10,44513,8902,22257,0,0.9291908163723772,0.928999107584604,0.9291908163723772,0.9289820045828985,0.9289819392118254,2.7,155.0,311.0,False
C1,1,20,1,1120,Random Forest,3777,4339,751,751,3777,,,,10,44513,8902,22257,0,0.9734914858246844,0.9734538360568293,0.9734914858246844,0.9734287255139068,0.9734287502813093,18.7,,311.0,False
C1,1,20,1,1120,Decision Tree,3777,4339,751,751,3777,,,,10,44513,8902,22257,0,0.9653142831468752,0.9653300900153795,0.9653142831468752,0.965318961402338,0.9653189351832504,7.0,,311.0,False
C1,1,20,1,1120,Neural Network,3777,4339,751,751,3777,,,,10,44513,8902,22257,0,0.9675607673990205,0.9675357251290617,0.9675607673990205,0.9675374022245259,0.9675374531042408,281.8,160.0,311.0,False
C2,2,20,1,1120,Logistic Regression,230635,44416,8159,8054,3777,226858,,,11,44513,8902,22257,0,0.805948690299681,0.8040881069031528,0.805948690299681,0.8047649149346228,0.8047641981098504,4.3,261.0,252.5,False
C2,2,20,1,1120,Random Forest,230635,44416,8159,8054,3777,226858,,,11,44513,8902,22257,0,0.9730871186592982,0.973051693494243,0.9730871186592982,0.9730201351902665,0.9730201662955906,18.4,,252.5,False
C2,2,20,1,1120,Decision Tree,230635,44416,8159,8054,3777,226858,,,11,44513,8902,22257,0,0.9624837129891719,0.9624547978950184,0.9624837129891719,0.9624685014445348,0.9624684535935513,11.7,,252.5,False
C2,2,20,1,1120,Neural Network,230635,44416,8159,8054,3777,226858,,,11,44513,8902,22257,0,0.9665273846430337,0.9664663696910741,0.9665273846430337,0.9664734904593949,0.9664734957774824,217.1,117.0,252.5,False
C2,2,20,0,1020,Logistic Regression,227706,44455,8099,8003,3199,224507,,,11,44513,8902,22257,0,0.8004223390394033,0.798997899543591,0.8004223390394033,0.7994962781164381,0.7994984859103414,4.7,272.0,299.5,False
C2,2,20,0,1020,Random Forest,227706,44455,8099,8003,3199,224507,,,11,44513,8902,22257,0,0.9709754234622815,0.970942083065136,0.9709754234622815,0.9709003780709581,0.9709007709596891,20.8,,299.5,False
C2,2,20,0,1020,Decision Tree,227706,44455,8099,8003,3199,224507,,,11,44513,8902,22257,0,0.9623039942490003,0.9622335996981659,0.9623039942490003,0.9622399465808418,0.9622403896733631,10.4,,299.5,False
C2,2,20,0,1020,Neural Network,227706,44455,8099,8003,3199,224507,,,11,44513,8902,22257,0,0.9636518848002875,0.9636096889415874,0.9636518848002875,0.9636020303080819,0.9636024644538621,262.7,144.0,299.5,False
C3,3,20,0,1020,Logistic Regression,507704,44513,9023,8378,3199,224507,280212,,13,44513,8902,22257,0,0.7998382531338455,0.7984101645311482,0.7998382531338455,0.7989289834373178,0.7989313337911509,5.3,274.0,230.1,False
C3,3,20,0,1020,Random Forest,507704,44513,9023,8378,3199,224507,280212,,13,44513,8902,22257,0,0.971200071887496,0.9711864610222807,0.971200071887496,0.9711256786697229,0.9711260623674534,20.1,,230.1,False
C3,3,20,0,1020,Decision Tree,507704,44513,9023,8378,3199,224507,280212,,13,44513,8902,22257,0,0.9623039942490003,0.9622417713718794,0.9623039942490003,0.9622449783100032,0.9622454294564294,12.0,,230.1,False
C3,3,20,0,1020,Neural Network,507704,44513,9023,8378,3199,224507,280212,,13,44513,8902,22257,0,0.9649997753515748,0.9649384826441901,0.9649997753515748,0.964939223622005,0.9649396634112442,191.6,108.0,230.1,False
C2,2,20,2,1220,Logistic Regression,229096,44404,8143,8033,3875,225221,,,11,44514,8902,22256,0,0.8056254493170381,0.8039504169802913,0.8056254493170381,0.8045535254185361,0.8045522491168485,4.7,274.0,298.3,False
C2,2,20,2,1220,Random Forest,229096,44404,8143,8033,3875,225221,,,11,44514,8902,22256,0,0.973490294751977,0.9734466215803572,0.973490294751977,0.9734331465563376,0.9734326527736842,20.9,,298.3,False
C2,2,20,2,1220,Decision Tree,229096,44404,8143,8033,3875,225221,,,11,44514,8902,22256,0,0.9654475197699497,0.9654334277572674,0.9654475197699497,0.9654361952571434,0.9654356801164958,11.3,,298.3,False
C2,2,20,2,1220,Neural Network,229096,44404,8143,8033,3875,225221,,,11,44514,8902,22256,0,0.9641445003594536,0.9640902792390458,0.9641445003594536,0.9640385652055169,0.9640378869138344,260.5,147.0,298.3,False
C3,3,20,1,1120,Logistic Regression,518463,44513,9071,8368,3777,226858,288004,,13,44513,8902,22257,0,0.8054095340791662,0.803475127049796,0.8054095340791662,0.8041645896849392,0.8041640025229126,4.0,234.0,290.8,False
C3,3,20,1,1120,Random Forest,518463,44513,9071,8368,3777,226858,288004,,13,44513,8902,22257,0,0.9727276811789549,0.9726793699878661,0.9727276811789549,0.9726627501788552,0.9726627512799118,20.4,,290.8,False
C3,3,20,1,1120,Decision Tree,518463,44513,9071,8368,3777,226858,288004,,13,44513,8902,22257,0,0.964909915981489,0.9648914895210788,0.964909915981489,0.964899106221015,0.9648991272332014,11.2,,290.8,False
C3,3,20,1,1120,Neural Network,518463,44513,9071,8368,3777,226858,288004,,13,44513,8902,22257,0,0.9629779395246439,0.9629359454248809,0.9629779395246439,0.962943153609942,0.9629432133340575,254.3,143.0,290.8,False
C3,3,20,2,1220,Logistic Regression,515419,44514,9061,8340,3875,225221,286528,,13,44514,8902,22256,0,0.8058950395398994,0.8042910625513272,0.8058950395398994,0.8048549738484131,0.8048535426114485,4.3,270.0,266.8,False
C3,3,20,2,1220,Random Forest,515419,44514,9061,8340,3875,225221,286528,,13,44514,8902,22256,0,0.973490294751977,0.9734442823978386,0.973490294751977,0.9734291647181572,0.9734286760294122,19.8,,266.8,False
C3,3,20,2,1220,Decision Tree,515419,44514,9061,8340,3875,225221,286528,,13,44514,8902,22256,0,0.965088066139468,0.9650526199263934,0.965088066139468,0.9650685379779739,0.9650680417072696,11.2,,266.8,False
C3,3,20,2,1220,Neural Network,515419,44514,9061,8340,3875,225221,286528,,13,44514,8902,22256,0,0.9642792954708842,0.9642101221637037,0.9642792954708842,0.9642358674126061,0.9642352087063587,230.6,126.0,266.8,False
C4,4,20,0,1020,Logistic Regression,1597913,44513,9159,8693,3199,224507,280212,1095007,18,44513,8902,22257,0,0.7955250033697264,0.7936906113025594,0.7955250033697264,0.7943768619537636,0.7943790593237456,4.4,250.0,268.9,False
C4,4,20,0,1020,Random Forest,1597913,44513,9159,8693,3199,224507,280212,1095007,18,44513,8902,22257,0,0.9720088062182685,0.9720066002810047,0.9720088062182685,0.971931694320939,0.9719320592400086,20.8,,268.9,False
C4,4,20,0,1020,Decision Tree,1597913,44513,9159,8693,3199,224507,280212,1095007,18,44513,8902,22257,0,0.9620793458237857,0.961985525829191,0.9620793458237857,0.9620003513359549,0.9620008643182946,11.1,,268.9,False
C4,4,20,0,1020,Neural Network,1597913,44513,9159,8693,3199,224507,280212,1095007,18,44513,8902,22257,0,0.9666172440131194,0.9665712033358915,0.9666172440131194,0.96658091444264,0.9665813344614824,231.3,129.0,268.9,False
C4,4,20,1,1120,Logistic Regression,1609426,44513,9193,8661,3777,226858,288004,1096297,18,44513,8902,22257,0,0.7994788156535023,0.797412417810326,0.7994788156535023,0.798209876008789,0.7982091558458135,3.8,229.0,260.2,False
C4,4,20,1,1120,Random Forest,1609426,44513,9193,8661,3777,226858,288004,1096297,18,44513,8902,22257,0,0.9724581030686975,0.9724061185749567,0.9724581030686975,0.9724003451272493,0.9724003859255642,20.3,,260.2,False
C4,4,20,1,1120,Decision Tree,1609426,44513,9193,8661,3777,226858,288004,1096297,18,44513,8902,22257,0,0.964415689446017,0.9643751787605075,0.964415689446017,0.9643897994405768,0.9643896885696451,12.1,,260.2,False
C4,4,20,1,1120,Neural Network,1609426,44513,9193,8661,3777,226858,288004,1096297,18,44513,8902,22257,0,0.96585343936739,0.9657904500883614,0.96585343936739,0.9657816251791145,0.9657816339053833,222.8,126.0,260.2,False
C1,1,25,0,1025,Logistic Regression,4724,5563,1098,1098,4724,,,,10,44513,11128,22257,0,0.9237543244821854,0.9234673547073319,0.9237543244821854,0.9234600979106169,0.9234609784818923,3.3,191.0,263.2,False
C1,1,25,0,1025,Random Forest,4724,5563,1098,1098,4724,,,,10,44513,11128,22257,0,0.9707058453520241,0.9706827481278859,0.9707058453520241,0.9706342749755756,0.9706346423138376,20.6,,263.2,False
C1,1,25,0,1025,Decision Tree,4724,5563,1098,1098,4724,,,,10,44513,11128,22257,0,0.9655838612571326,0.9655059176642646,0.9655838612571326,0.9655038762557328,0.9655043175631954,6.8,,263.2,False
C1,1,25,0,1025,Neural Network,4724,5563,1098,1098,4724,,,,10,44513,11128,22257,0,0.964864986296446,0.9648845346166471,0.964864986296446,0.9647785670841195,0.9647790470310136,231.6,132.0,263.2,False
C4,4,20,2,1220,Logistic Regression,1565680,44514,9189,8663,3875,225221,286528,1055720,18,44514,8902,22256,0,0.801312005751258,0.7998022131872183,0.801312005751258,0.8003374491943315,0.8003361544249232,4.1,236.0,308.7,False
C4,4,20,2,1220,Random Forest,1565680,44514,9189,8663,3875,225221,286528,1055720,18,44514,8902,22256,0,0.9732207045291158,0.9731736151027567,0.9732207045291158,0.9731527352847341,0.973152203345658,21.2,,308.7,False
C4,4,20,2,1220,Decision Tree,1565680,44514,9189,8663,3875,225221,286528,1055720,18,44514,8902,22256,0,0.964009705248023,0.9639727103839674,0.964009705248023,0.9639845914372906,0.9639839741172308,9.8,,308.7,False
C4,4,20,2,1220,Neural Network,1565680,44514,9189,8663,3875,225221,286528,1055720,18,44514,8902,22256,0,0.9640995686556434,0.9640059410813424,0.9640995686556434,0.9640212743704202,0.9640205517658419,272.4,155.0,308.7,False
C1,1,25,1,1125,Logistic Regression,4287,4989,1013,1013,4287,,,,10,44513,11128,22257,0,0.9281574336163904,0.9279374227351638,0.9281574336163904,0.9279587119105972,0.9279586848030835,2.9,172.0,268.2,False
C1,1,25,1,1125,Random Forest,4287,4989,1013,1013,4287,,,,10,44513,11128,22257,0,0.9717841577930538,0.971758945332506,0.9717841577930538,0.9717209962636235,0.9717209327872711,19.2,,268.2,False
C1,1,25,1,1125,Decision Tree,4287,4989,1013,1013,4287,,,,10,44513,11128,22257,0,0.9644606191310598,0.9644309597117373,0.9644606191310598,0.9644439169875887,0.9644438994076261,8.0,,268.2,False
C1,1,25,1,1125,Neural Network,4287,4989,1013,1013,4287,,,,10,44513,11128,22257,0,0.9651794940917464,0.9651555618416228,0.9651794940917464,0.9651376848942326,0.9651376332028196,237.2,137.0,268.2,False
C1,1,25,2,1225,Logistic Regression,3707,4572,1014,1014,3707,,,,10,44514,11128,22256,0,0.9246944644140905,0.9244769796663804,0.9246944644140905,0.9244949606533195,0.924493964937725,3.0,170.0,248.1,False
C1,1,25,2,1225,Random Forest,3707,4572,1014,1014,3707,,,,10,44514,11128,22256,0,0.9716930265995687,0.9716375549652376,0.9716930265995687,0.971635934848438,0.9716354765892966,22.0,,248.1,False
C1,1,25,2,1225,Decision Tree,3707,4572,1014,1014,3707,,,,10,44514,11128,22256,0,0.9621675053918045,0.9621337463920765,0.9621675053918045,0.9621440096055601,0.9621434248983013,7.4,,248.1,False
C1,1,25,2,1225,Neural Network,3707,4572,1014,1014,3707,,,,10,44514,11128,22256,0,0.9637401150251618,0.963830195841718,0.9637401150251618,0.9637716510460799,0.963771060375992,214.9,122.0,248.1,False
C2,2,25,1,1125,Logistic Regression,280811,44486,10184,10036,4287,276524,,,11,44513,11128,22257,0,0.7758008716358898,0.7731732272084867,0.7758008716358898,0.7740856685432638,0.774084368624324,3.9,223.0,241.0,False
C2,2,25,1,1125,Random Forest,280811,44486,10184,10036,4287,276524,,,11,44513,11128,22257,0,0.9726378218088692,0.9726051962177321,0.9726378218088692,0.9725822199458958,0.9725821025961657,21.7,,241.0,False
C2,2,25,1,1125,Decision Tree,280811,44486,10184,10036,4287,276524,,,11,44513,11128,22257,0,0.9654041425169609,0.9653541176254359,0.9654041425169609,0.9653768621151239,0.9653769267336691,13.4,,241.0,False
C2,2,25,1,1125,Neural Network,280811,44486,10184,10036,4287,276524,,,11,44513,11128,22257,0,0.9646403378712315,0.9646172593274205,0.9646403378712315,0.9645849446056873,0.9645848687790991,201.2,112.0,241.0,False
C2,2,25,0,1025,Logistic Regression,275468,44474,10201,10029,4724,270744,,,11,44513,11128,22257,0,0.7752617154153749,0.7733616748608407,0.7752617154153749,0.7740843419409508,0.7740872182806958,4.5,252.0,314.1,False
C2,2,25,0,1025,Random Forest,275468,44474,10201,10029,4724,270744,,,11,44513,11128,22257,0,0.9715145796827964,0.9714965789684635,0.9715145796827964,0.9714408565673502,0.971441206800771,21.7,,314.1,False
C2,2,25,0,1025,Decision Tree,275468,44474,10201,10029,4724,270744,,,11,44513,11128,22257,0,0.9640113222806308,0.9639409390045298,0.9640113222806308,0.9639346614429016,0.9639350102365827,11.9,,314.1,False
C2,2,25,0,1025,Neural Network,275468,44474,10201,10029,4724,270744,,,11,44513,11128,22257,0,0.9616749786583996,0.961675238458863,0.9616749786583996,0.9615857965979759,0.9615863182826342,275.1,151.0,314.1,False
C2,2,25,2,1225,Logistic Regression,276371,44385,10174,10046,3707,272664,,,11,44514,11128,22256,0,0.7774083393242271,0.77522744090802,0.7774083393242271,0.7761001552809956,0.7760986715464206,4.0,236.0,254.4,False
C2,2,25,2,1225,Random Forest,276371,44385,10174,10046,3707,272664,,,11,44514,11128,22256,0,0.9711538461538461,0.9710947642192926,0.9711538461538461,0.9710977920095673,0.9710973154378788,20.6,,254.4,False
C2,2,25,2,1225,Decision Tree,276371,44385,10174,10046,3707,272664,,,11,44514,11128,22256,0,0.9628414809489576,0.9627706242692278,0.9628414809489576,0.9627942167123086,0.9627935144214221,10.8,,254.4,False
C2,2,25,2,1225,Neural Network,276371,44385,10174,10046,3707,272664,,,11,44514,11128,22256,0,0.9623023005032351,0.96221825861865,0.9623023005032351,0.9622356084616168,0.9622350673213609,218.1,117.0,254.4,False
C3,3,25,0,1025,Logistic Regression,626530,44513,11326,10523,4724,270744,351324,,13,44513,11128,22257,0,0.7767893247068338,0.7746603644681158,0.7767893247068338,0.7754585071724915,0.775461341065572,4.2,259.0,325.4,False
C3,3,25,0,1025,Random Forest,626530,44513,11326,10523,4724,270744,351324,,13,44513,11128,22257,0,0.9709754234622815,0.9709380756156039,0.9709754234622815,0.9709177613763298,0.9709181181929452,20.7,,325.4,False
C3,3,25,0,1025,Decision Tree,626530,44513,11326,10523,4724,270744,351324,,13,44513,11128,22257,0,0.9642809003908882,0.964221478691656,0.9642809003908882,0.9642180491678429,0.9642185081980681,12.4,,325.4,False
C3,3,25,0,1025,Neural Network,626530,44513,11326,10523,4724,270744,351324,,13,44513,11128,22257,0,0.962438783304129,0.9623861678138603,0.962438783304129,0.9623635322488845,0.962364015925238,287.0,155.0,325.4,False
C3,3,25,1,1125,Logistic Regression,637149,44513,11289,10455,4287,276524,356582,,13,44513,11128,22257,0,0.7768342543918767,0.7742908191318033,0.7768342543918767,0.7752453181136787,0.7752440605074288,3.9,234.0,264.7,False
C3,3,25,1,1125,Random Forest,637149,44513,11289,10455,4287,276524,356582,,13,44513,11128,22257,0,0.9710652828323674,0.9710143093320878,0.9710652828323674,0.9710018838377538,0.9710017812224363,22.2,,264.7,False
C3,3,25,1,1125,Decision Tree,637149,44513,11289,10455,4287,276524,356582,,13,44513,11128,22257,0,0.9640562519656737,0.9639938666715839,0.9640562519656737,0.9640210182414933,0.9640209895426206,12.6,,264.7,False
C3,3,25,1,1125,Neural Network,637149,44513,11289,10455,4287,276524,356582,,13,44513,11128,22257,0,0.9627083614143865,0.9627628455821756,0.9627083614143865,0.9627100467198504,0.9627099722945479,225.0,125.0,264.7,False
C3,3,25,2,1225,Logistic Regression,629001,44514,11306,10491,3707,272664,352848,,13,44514,11128,22256,0,0.775431344356578,0.7732794006327087,0.775431344356578,0.7741665740818228,0.7741650114435237,3.6,234.0,299.7,False
C3,3,25,2,1225,Random Forest,629001,44514,11306,10491,3707,272664,352848,,13,44514,11128,22256,0,0.9717379583033788,0.9716849515793804,0.9717379583033788,0.9716909824226488,0.971690542405699,20.9,,299.7,False
C3,3,25,2,1225,Decision Tree,629001,44514,11306,10491,3707,272664,352848,,13,44514,11128,22256,0,0.9638299784327822,0.9637305828834771,0.9638299784327822,0.9637665318372538,0.9637657589423216,12.2,,299.7,False
C3,3,25,2,1225,Neural Network,629001,44514,11306,10491,3707,272664,352848,,13,44514,11128,22256,0,0.9613138030194105,0.9612745538423871,0.9613138030194105,0.9612922709978015,0.9612917382270364,261.9,145.0,299.7,False
C4,4,25,0,1025,Logistic Regression,1955329,44513,11439,10849,4724,270744,351324,1335395,18,44513,11128,22257,0,0.7676236689580807,0.7649405262320217,0.7676236689580807,0.7660194182970508,0.7660222103485547,4.1,233.0,242.3,False
C4,4,25,0,1025,Random Forest,1955329,44513,11439,10849,4724,270744,351324,1335395,18,44513,11128,22257,0,0.9715595093678393,0.9715356750871716,0.9715595093678393,0.9714922896318137,0.9714926452765799,22.8,,242.3,False
C4,4,25,0,1025,Decision Tree,1955329,44513,11439,10849,4724,270744,351324,1335395,18,44513,11128,22257,0,0.9656287909421755,0.9655638300595173,0.9656287909421755,0.9655626509050127,0.9655630221550149,12.7,,242.3,False
C4,4,25,0,1025,Neural Network,1955329,44513,11439,10849,4724,270744,351324,1335395,18,44513,11128,22257,0,0.9619445567686571,0.9620082793872468,0.9619445567686571,0.9618866002805013,0.961887008492187,201.4,115.0,242.3,False
C4,4,25,1,1125,Logistic Regression,1883515,44513,11449,10852,4287,276524,356582,1252458,18,44513,11128,22257,0,0.7725210046277575,0.7697210945520142,0.7725210046277575,0.7708225531041633,0.7708212624687496,3.3,202.0,223.0,False
C4,4,25,1,1125,Random Forest,1883515,44513,11449,10852,4287,276524,356582,1252458,18,44513,11128,22257,0,0.9708855640921957,0.9708330160029689,0.9708855640921957,0.9708304176243245,0.9708303124002177,23.3,,223.0,False
C4,4,25,1,1125,Decision Tree,1883515,44513,11449,10852,4287,276524,356582,1252458,18,44513,11128,22257,0,0.9632924473199442,0.9632269871453382,0.9632924473199442,0.9632557475116656,0.9632556880741097,13.0,,223.0,False
C4,4,25,1,1125,Neural Network,1883515,44513,11449,10852,4287,276524,356582,1252458,18,44513,11128,22257,0,0.9633823066900301,0.9633888017950795,0.9633823066900301,0.9633127286562886,0.9633125863221951,182.1,109.0,223.0,False
C4,4,25,2,1225,Logistic Regression,1880177,44514,11457,10858,3707,272664,352848,1256798,18,44514,11128,22256,0,0.7703989935298347,0.7682118394393657,0.7703989935298347,0.7691385706813008,0.7691369244759712,4.2,240.0,270.6,False
C4,4,25,2,1225,Random Forest,1880177,44514,11457,10858,3707,272664,352848,1256798,18,44514,11128,22256,0,0.9714234363767074,0.9713680031532741,0.9714234363767074,0.9713700718161015,0.9713695928012172,21.9,,270.6,False
C4,4,25,2,1225,Decision Tree,1880177,44514,11457,10858,3707,272664,352848,1256798,18,44514,11128,22256,0,0.9621675053918045,0.9620918015204231,0.9621675053918045,0.9621221615668198,0.9621216829800898,12.4,,270.6,False
C4,4,25,2,1225,Neural Network,1880177,44514,11457,10858,3707,272664,352848,1256798,18,44514,11128,22256,0,0.9608195542774982,0.9607937255498713,0.9608195542774982,0.9607840329474449,0.960783377122071,230.9,134.0,270.6,False
C1,1,30,1,1130,Logistic Regression,4478,5552,1329,1329,4478,,,,10,44513,13353,22257,0,0.9242036213326145,0.9240555872240723,0.9242036213326145,0.9240308088308796,0.9240308227758245,2.3,143.0,214.3,False
C1,1,30,1,1130,Random Forest,4478,5552,1329,1329,4478,,,,10,44513,13353,22257,0,0.9695376735409085,0.9694677823503439,0.9695376735409085,0.969469296854402,0.9694693155507146,20.2,,214.3,False
C1,1,30,1,1130,Decision Tree,4478,5552,1329,1329,4478,,,,10,44513,13353,22257,0,0.9641910410208024,0.9641766356135423,0.9641910410208024,0.9641828590914321,0.9641828333994461,8.0,,214.3,False
C1,1,30,1,1130,Neural Network,4478,5552,1329,1329,4478,,,,10,44513,13353,22257,0,0.9651794940917464,0.9651761493469696,0.9651794940917464,0.9651333902555712,0.9651333519981001,182.9,109.0,214.3,False
C1,1,30,0,1030,Logistic Regression,4614,5697,1364,1364,4614,,,,10,44513,13353,22257,0,0.9253268634586872,0.9249937586339995,0.9253268634586872,0.9249708362116413,0.924971650095235,3.1,172.0,253.3,False
C1,1,30,0,1030,Random Forest,4614,5697,1364,1364,4614,,,,10,44513,13353,22257,0,0.9689985173203935,0.9689875923729055,0.9689985173203935,0.9688901345949227,0.9688905268336064,20.6,,253.3,False
C1,1,30,0,1030,Decision Tree,4614,5697,1364,1364,4614,,,,10,44513,13353,22257,0,0.9604169474771982,0.9603090058384587,0.9604169474771982,0.9603197680635335,0.9603203410529171,7.7,,253.3,False
C1,1,30,0,1030,Neural Network,4614,5697,1364,1364,4614,,,,10,44513,13353,22257,0,0.9628880801545581,0.9628394469623701,0.9628880801545581,0.9628556381571615,0.9628561724416667,221.0,131.0,253.3,False
C1,1,30,2,1230,Logistic Regression,4213,5333,1365,1365,4213,,,,10,44514,13354,22256,0,0.9219086987778576,0.9215553204626982,0.9219086987778576,0.9215910690803845,0.9215901420907666,3.1,181.0,226.1,False
C1,1,30,2,1230,Random Forest,4213,5333,1365,1365,4213,,,,10,44514,13354,22256,0,0.9703001437814522,0.970248833623871,0.9703001437814522,0.9702245493154048,0.9702240827682967,20.7,,226.1,False
C1,1,30,2,1230,Decision Tree,4213,5333,1365,1365,4213,,,,10,44514,13354,22256,0,0.964009705248023,0.9639578114680682,0.964009705248023,0.963977062384269,0.963976493616386,7.7,,226.1,False
C1,1,30,2,1230,Neural Network,4213,5333,1365,1365,4213,,,,10,44514,13354,22256,0,0.9632009345794392,0.9631492769648327,0.9632009345794392,0.9631551431455658,0.963154395371619,193.8,115.0,226.1,False
C2,2,30,0,1030,Logistic Regression,321801,44487,12163,11958,4614,317187,,,11,44513,13353,22257,0,0.7567956148627398,0.7541724184225831,0.7567956148627398,0.7552189791707673,0.7552220252573415,4.8,260.0,265.0,False
C2,2,30,0,1030,Random Forest,321801,44487,12163,11958,4614,317187,,,11,44513,13353,22257,0,0.9676506267691064,0.9676205124410333,0.9676506267691064,0.9675465145498291,0.9675469135398856,22.8,,265.0,False
C2,2,30,0,1030,Decision Tree,321801,44487,12163,11958,4614,317187,,,11,44513,13353,22257,0,0.9612256818079705,0.9611582346845058,0.9612256818079705,0.9611460107930575,0.9611464123866662,13.0,,265.0,False
C2,2,30,0,1030,Neural Network,321801,44487,12163,11958,4614,317187,,,11,44513,13353,22257,0,0.9623039942490003,0.9622534854064988,0.9623039942490003,0.9622758940920011,0.9622764539485841,223.6,131.0,265.0,False
C2,2,30,2,1230,Logistic Regression,315518,44514,12215,11994,4213,311305,,,11,44514,13354,22256,0,0.7600647016534867,0.7572663423627012,0.7600647016534867,0.7584464742117517,0.7584449327148151,4.1,241.0,243.7,False
C2,2,30,2,1230,Random Forest,315518,44514,12215,11994,4213,311305,,,11,44514,13354,22256,0,0.9699406901509705,0.96988287779738,0.9699406901509705,0.9698593995857916,0.9698589272980781,20.6,,243.7,False
C2,2,30,2,1230,Decision Tree,315518,44514,12215,11994,4213,311305,,,11,44514,13354,22256,0,0.9615384615384616,0.961499534877843,0.9615384615384616,0.9615121350413007,0.9615114531852471,13.1,,243.7,False
C2,2,30,2,1230,Neural Network,315518,44514,12215,11994,4213,311305,,,11,44514,13354,22256,0,0.9614935298346513,0.9614118303859424,0.9614935298346513,0.9614476783267834,0.9614469940443069,205.1,118.0,243.7,False
C2,2,30,1,1130,Logistic Regression,328423,44513,12196,11995,4478,323945,,,11,44513,13353,22257,0,0.752302646358449,0.7493094201549543,0.752302646358449,0.7504036029523345,0.7504018587769733,4.1,248.0,273.3,False
C2,2,30,1,1130,Random Forest,328423,44513,12196,11995,4478,323945,,,11,44513,13353,22257,0,0.9690434470054365,0.9689754598562828,0.9690434470054365,0.9689867739217923,0.9689867441698732,22.4,,273.3,False
C2,2,30,1,1130,Decision Tree,328423,44513,12196,11995,4478,323945,,,11,44513,13353,22257,0,0.9602821584220694,0.9602402170024802,0.9602821584220694,0.9602597897978443,0.9602597499526115,11.9,,273.3,False
C2,2,30,1,1130,Neural Network,328423,44513,12196,11995,4478,323945,,,11,44513,13353,22257,0,0.9591589162959968,0.9591853117771569,0.9591589162959968,0.9589908912058731,0.9589910197318625,234.0,139.0,273.3,False
C3,3,30,0,1030,Logistic Regression,732228,44513,13572,12572,4614,317187,410687,,13,44513,13353,22257,0,0.75818843509907,0.7552973039276548,0.75818843509907,0.7564522761728237,0.7564554063609947,4.1,232.0,217.7,False
C3,3,30,0,1030,Random Forest,732228,44513,13572,12572,4614,317187,410687,,13,44513,13353,22257,0,0.9677404861391922,0.967716398731456,0.9677404861391922,0.9676328787843674,0.9676332693144779,22.5,,217.7,False
C3,3,30,0,1030,Decision Tree,732228,44513,13572,12572,4614,317187,410687,,13,44513,13353,22257,0,0.9609561036977131,0.9608769539650966,0.9609561036977131,0.9608731549290593,0.9608736419371379,13.1,,217.7,False
C3,3,30,0,1030,Neural Network,732228,44513,13572,12572,4614,317187,410687,,13,44513,13353,22257,0,0.9625286426742149,0.9624819938801991,0.9625286426742149,0.9624640270328262,0.9624645098663169,177.0,105.0,217.7,False
C4,4,30,0,1030,Logistic Regression,2249032,44513,13778,12966,4614,317187,410687,1523505,18,44513,13353,22257,0,0.7499213730511749,0.7465880369669978,0.7499213730511749,0.7479112469903189,0.7479142825017323,4.0,225.0,233.5,False
C4,4,30,0,1030,Random Forest,2249032,44513,13778,12966,4614,317187,410687,1523505,18,44513,13353,22257,0,0.9678303455092779,0.9677983887608834,0.9678303455092779,0.9677239114741744,0.9677243364034058,21.5,,233.5,False
C4,4,30,0,1030,Decision Tree,2249032,44513,13778,12966,4614,317187,410687,1523505,18,44513,13353,22257,0,0.962438783304129,0.9623527043869022,0.962438783304129,0.9623523859741852,0.9623528878880332,12.9,,233.5,False
C4,4,30,0,1030,Neural Network,2249032,44513,13778,12966,4614,317187,410687,1523505,18,44513,13353,22257,0,0.9589791975558252,0.9589910354496897,0.9589791975558252,0.9588514229242713,0.958851851029935,193.8,112.0,233.5,False
C3,3,30,1,1130,Logistic Regression,743275,44513,13555,12528,4478,323945,415137,,13,44513,13353,22257,0,0.7524374354135778,0.7492701119598,0.7524374354135778,0.7504763709621479,0.7504745378756631,4.1,239.0,283.1,False
C3,3,30,1,1130,Random Forest,743275,44513,13555,12528,4478,323945,415137,,13,44513,13353,22257,0,0.9689086579503078,0.9688319200392658,0.9689086579503078,0.9688483907574491,0.9688484342142203,22.2,,283.1,False
C3,3,30,1,1130,Decision Tree,743275,44513,13555,12528,4478,323945,415137,,13,44513,13353,22257,0,0.9586197600754819,0.9586440021795216,0.9586197600754819,0.9586300228932211,0.9586298496661698,12.1,,283.1,False
C3,3,30,1,1130,Neural Network,743275,44513,13555,12528,4478,323945,415137,,13,44513,13353,22257,0,0.9609111740126701,0.9608446309358428,0.9609111740126701,0.9607707153893552,0.9607708718611423,243.7,146.0,283.1,False
C4,4,30,1,1130,Logistic Regression,2271852,44513,13746,13006,4478,323945,415137,1535312,18,44513,13353,22257,0,0.750370669901604,0.7468480975133839,0.750370669901604,0.7481813278053309,0.7481795918197681,3.2,208.0,247.1,False
C4,4,30,1,1130,Random Forest,2271852,44513,13746,13006,4478,323945,415137,1535312,18,44513,13353,22257,0,0.969313025115694,0.969238980267759,0.969313025115694,0.9692518578139826,0.969251893224458,22.4,,247.1,False
C4,4,30,1,1130,Decision Tree,2271852,44513,13746,13006,4478,323945,415137,1535312,18,44513,13353,22257,0,0.9613155411780563,0.9612673458379611,0.9613155411780563,0.9612887855719257,0.9612887000811161,13.1,,247.1,False
C4,4,30,1,1130,Neural Network,2271852,44513,13746,13006,4478,323945,415137,1535312,18,44513,13353,22257,0,0.9607314552724986,0.9607546650689227,0.9607314552724986,0.9605918056507023,0.9605918769705284,207.1,122.0,247.1,False
C3,3,30,2,1230,Logistic Regression,722334,44514,13618,12616,4213,311305,407044,,13,44514,13354,22256,0,0.7589414090582315,0.7560913263981222,0.7589414090582315,0.7572699141959071,0.757268152169587,4.2,264.0,303.2,False
C3,3,30,2,1230,Random Forest,722334,44514,13618,12616,4213,311305,407044,,13,44514,13354,22256,0,0.9698957584471604,0.9698321316647897,0.9698957584471604,0.9698155898215626,0.969815130384224,20.7,,303.2,False
C3,3,30,2,1230,Decision Tree,722334,44514,13618,12616,4213,311305,407044,,13,44514,13354,22256,0,0.96338066139468,0.9633201732759185,0.96338066139468,0.9633458500171325,0.9633452947819551,11.7,,303.2,False
C3,3,30,2,1230,Neural Network,722334,44514,13618,12616,4213,311305,407044,,13,44514,13354,22256,0,0.9580337886412653,0.9579974547864596,0.9580337886412653,0.9580130281948892,0.9580123071664042,265.6,156.0,303.2,False
C1,1,35,0,1035,Logistic Regression,5507,6855,1793,1793,5507,,,,10,44513,15579,22257,0,0.9221368558206406,0.921873555312306,0.9221368558206406,0.921823800475256,0.9218246769421852,3.3,189.0,251.5,False
C1,1,35,0,1035,Random Forest,5507,6855,1793,1793,5507,,,,10,44513,15579,22257,0,0.9676056970840634,0.9676071084385663,0.9676056970840634,0.9674896866930389,0.9674900926696927,22.1,,251.5,False
C1,1,35,0,1035,Decision Tree,5507,6855,1793,1793,5507,,,,10,44513,15579,22257,0,0.9599676506267691,0.9598560406266011,0.9599676506267691,0.9598559122607412,0.9598565285258115,6.9,,251.5,False
C1,1,35,0,1035,Neural Network,5507,6855,1793,1793,5507,,,,10,44513,15579,22257,0,0.9606865255874556,0.9606527168249035,0.9606865255874556,0.9605868828080621,0.9605874394744399,218.5,127.0,251.5,False
C4,4,30,2,1230,Logistic Regression,2199176,44514,13802,13008,4213,311305,407044,1483046,18,44514,13354,22256,0,0.7492361610352265,0.7459075863394461,0.7492361610352265,0.7472708439660238,0.7472691463669238,3.6,226.0,291.5,False
C4,4,30,2,1230,Random Forest,2199176,44514,13802,13008,4213,311305,407044,1483046,18,44514,13354,22256,0,0.9697609633357297,0.9697086565195073,0.9697609633357297,0.9696719199705378,0.9696714684779304,23.4,,291.5,False
C4,4,30,2,1230,Decision Tree,2199176,44514,13802,13008,4213,311305,407044,1483046,18,44514,13354,22256,0,0.9607296908698778,0.9606712140489068,0.9607296908698778,0.960697156289751,0.9606966139464428,12.1,,291.5,False
C4,4,30,2,1230,Neural Network,2199176,44514,13802,13008,4213,311305,407044,1483046,18,44514,13354,22256,0,0.9599658519051042,0.9599024340473076,0.9599658519051042,0.9598171041226656,0.9598164254200834,251.1,146.0,291.5,False
C1,1,35,1,1135,Logistic Regression,5268,6447,1725,1725,5268,,,,10,44513,15579,22257,0,0.9226760120411556,0.9223367637439187,0.9226760120411556,0.9223331581293168,0.9223332793999763,2.9,173.0,301.5,False
C1,1,35,1,1135,Random Forest,5268,6447,1725,1725,5268,,,,10,44513,15579,22257,0,0.969313025115694,0.9692757799443367,0.969313025115694,0.9692134409742358,0.9692134166036535,21.4,,301.5,False
C1,1,35,1,1135,Decision Tree,5268,6447,1725,1725,5268,,,,10,44513,15579,22257,0,0.9626634317293435,0.9626115970905122,0.9626634317293435,0.962632154383068,0.9626321499422759,7.8,,301.5,False
C1,1,35,1,1135,Neural Network,5268,6447,1725,1725,5268,,,,10,44513,15579,22257,0,0.9587096194455677,0.9585684811179502,0.9587096194455677,0.9585982005199831,0.9585981885566657,268.5,159.0,301.5,False
C1,1,35,2,1235,Logistic Regression,5384,6718,1731,1731,5384,,,,10,44514,15579,22256,0,0.919617181883537,0.9192975844986269,0.919617181883537,0.919335615124342,0.9193345282572738,3.1,170.0,298.3,False
C1,1,35,2,1235,Random Forest,5384,6718,1731,1731,5384,,,,10,44514,15579,22256,0,0.9673346513299784,0.9672724818463848,0.9673346513299784,0.967234384500443,0.9672338007963492,20.7,,298.3,False
C1,1,35,2,1235,Decision Tree,5384,6718,1731,1731,5384,,,,10,44514,15579,22256,0,0.959920920201294,0.9599019192832409,0.959920920201294,0.959910739614447,0.9599101199237762,8.6,,298.3,False
C1,1,35,2,1235,Neural Network,5384,6718,1731,1731,5384,,,,10,44514,15579,22256,0,0.9595165348670022,0.9594444125123059,0.9595165348670022,0.959477229883938,0.9594764722967307,265.1,154.0,298.3,False
C2,2,35,0,1035,Logistic Regression,371969,44513,14248,14021,5507,366462,,,11,44513,15579,22257,0,0.7340611942310284,0.7305254551094296,0.7340611942310284,0.7319511388562114,0.7319549512115758,4.4,260.0,227.8,False
C2,2,35,0,1035,Random Forest,371969,44513,14248,14021,5507,366462,,,11,44513,15579,22257,0,0.9664375252729478,0.9663953464600121,0.9664375252729478,0.9663284896120585,0.9663289364245735,23.2,,227.8,False
C2,2,35,0,1035,Decision Tree,371969,44513,14248,14021,5507,366462,,,11,44513,15579,22257,0,0.9587545491306106,0.9586027714958645,0.9587545491306106,0.958622773049704,0.9586233155185291,13.9,,227.8,False
C2,2,35,0,1035,Neural Network,371969,44513,14248,14021,5507,366462,,,11,44513,15579,22257,0,0.958529900705396,0.9584891633290915,0.958529900705396,0.9584484649159267,0.9584490079212588,185.4,111.0,227.8,False
C2,2,35,1,1135,Logistic Regression,364374,44513,14189,13984,5268,359106,,,11,44513,15579,22257,0,0.7304668194275958,0.7261101494475608,0.7304668194275958,0.727731246348545,0.7277291405084527,3.4,217.0,221.3,False
C2,2,35,1,1135,Random Forest,364374,44513,14189,13984,5268,359106,,,11,44513,15579,22257,0,0.9694028844857797,0.9693603606792769,0.9694028844857797,0.9693138054562372,0.969313802276222,22.8,,221.3,False
C2,2,35,1,1135,Decision Tree,364374,44513,14189,13984,5268,359106,,,11,44513,15579,22257,0,0.9579458147998382,0.9578448741419437,0.9579458147998382,0.9578864496858942,0.9578862068678877,14.0,,221.3,False
C2,2,35,1,1135,Neural Network,364374,44513,14189,13984,5268,359106,,,11,44513,15579,22257,0,0.958529900705396,0.9584629788145214,0.958529900705396,0.958420503181017,0.9584206039665604,180.3,108.0,221.3,False
C3,3,35,0,1035,Logistic Regression,836450,44513,15805,14704,5507,366462,464775,,13,44513,15579,22257,0,0.7341061239160713,0.7303185030577467,0.7341061239160713,0.7318116683629418,0.7318155080873057,4.1,237.0,211.7,False
C3,3,35,0,1035,Random Forest,836450,44513,15805,14704,5507,366462,464775,,13,44513,15579,22257,0,0.9658085096823471,0.9657757073437232,0.9658085096823471,0.9656952419130916,0.9656956864668704,24.0,,211.7,False
C3,3,35,0,1035,Decision Tree,836450,44513,15805,14704,5507,366462,464775,,13,44513,15579,22257,0,0.9565080648784652,0.9563468594596496,0.9565080648784652,0.9563892538092783,0.9563897859711336,12.5,,211.7,False
C3,3,35,0,1035,Neural Network,836450,44513,15805,14704,5507,366462,464775,,13,44513,15579,22257,0,0.959024127240868,0.9589567695507085,0.959024127240868,0.9589556787187931,0.9589562575358872,170.1,101.0,211.7,False
C2,2,35,2,1235,Logistic Regression,370737,44514,14253,14001,5384,365353,,,11,44514,15579,22256,0,0.7411035226455788,0.7375001620742737,0.7411035226455788,0.7388822417173733,0.7388809786692211,4.1,247.0,235.1,False
C2,2,35,2,1235,Random Forest,370737,44514,14253,14001,5384,365353,,,11,44514,15579,22256,0,0.9666157440690151,0.9665548464363273,0.9666157440690151,0.9665157713369492,0.9665152208692159,23.6,,235.1,False
C2,2,35,2,1235,Decision Tree,370737,44514,14253,14001,5384,365353,,,11,44514,15579,22256,0,0.9557422717469446,0.9556652683278871,0.9557422717469446,0.9557001509867586,0.9556993410372071,11.6,,235.1,False
C2,2,35,2,1235,Neural Network,370737,44514,14253,14001,5384,365353,,,11,44514,15579,22256,0,0.9572250179726816,0.9571917435488267,0.9572250179726816,0.9571613848511992,0.9571605677412472,194.9,115.0,235.1,False
C3,3,35,1,1135,Logistic Regression,820992,44513,15852,14651,5268,359106,456880,,13,44513,15579,22257,0,0.7308262569079391,0.7261469865146055,0.7308262569079391,0.7279005217392761,0.7278985060413335,3.9,233.0,239.6,False
C3,3,35,1,1135,Random Forest,820992,44513,15852,14651,5268,359106,456880,,13,44513,15579,22257,0,0.9680999236195355,0.968031932014475,0.9680999236195355,0.9680062514336308,0.9680062507847005,23.0,,239.6,False
C3,3,35,1,1135,Decision Tree,820992,44513,15852,14651,5268,359106,456880,,13,44513,15579,22257,0,0.9590690569259109,0.9589752314169518,0.9590690569259109,0.9590102631353797,0.9590100506138377,12.8,,239.6,False
C3,3,35,1,1135,Neural Network,820992,44513,15852,14651,5268,359106,456880,,13,44513,15579,22257,0,0.959024127240868,0.9589089926315876,0.959024127240868,0.9589040288396621,0.9589040945356008,198.9,120.0,239.6,False
C3,3,35,2,1235,Logistic Regression,836714,44514,15816,14651,5384,365353,466254,,13,44514,15579,22256,0,0.7433950395398994,0.7394576053259967,0.7433950395398994,0.7409492591343484,0.7409480052333357,3.9,250.0,262.5,False
C3,3,35,2,1235,Random Forest,836714,44514,15816,14651,5384,365353,466254,,13,44514,15579,22256,0,0.9673346513299784,0.9672810240419392,0.9673346513299784,0.9672534522477462,0.9672529102080019,21.8,,262.5,False
C3,3,35,2,1235,Decision Tree,836714,44514,15816,14651,5384,365353,466254,,13,44514,15579,22256,0,0.9566409058231489,0.9566405740094563,0.9566409058231489,0.9566365040522775,0.95663579042731,13.2,,262.5,False
C3,3,35,2,1235,Neural Network,836714,44514,15816,14651,5384,365353,466254,,13,44514,15579,22256,0,0.9568206326383897,0.9568539377016932,0.9568206326383897,0.9568214288394662,0.9568208392569847,222.7,131.0,262.5,False
C4,4,35,0,1035,Logistic Regression,2554936,44513,16029,15158,5507,366462,464775,1726277,18,44513,15579,22257,0,0.7275014602147639,0.7226150137787917,0.7275014602147639,0.7244282023383618,0.7244319595448727,3.9,226.0,250.7,False
C4,4,35,0,1035,Random Forest,2554936,44513,16029,15158,5507,366462,464775,1726277,18,44513,15579,22257,0,0.9665723143280766,0.9665270510993101,0.9665723143280766,0.966470870832996,0.9664713173579195,24.5,,250.7,False
C4,4,35,0,1035,Decision Tree,2554936,44513,16029,15158,5507,366462,464775,1726277,18,44513,15579,22257,0,0.960551736532327,0.9604506382740196,0.960551736532327,0.9604748511723448,0.9604753525313295,13.4,,250.7,False
C4,4,35,0,1035,Neural Network,2554936,44513,16029,15158,5507,366462,464775,1726277,18,44513,15579,22257,0,0.9572269398391517,0.9571289509522048,0.9572269398391517,0.9571593044397727,0.9571598618457665,207.6,122.0,250.7,False
C4,4,35,1,1135,Logistic Regression,2497490,44513,16024,15175,5268,359106,456880,1684025,18,44513,15579,22257,0,0.7252999056476614,0.7201625018355189,0.7252999056476614,0.7221011880231696,0.7220990515934003,3.2,194.0,233.2,False
C4,4,35,1,1135,Random Forest,2497490,44513,16024,15175,5268,359106,456880,1684025,18,44513,15579,22257,0,0.9694927438558656,0.9694374227917038,0.9694927438558656,0.969415090242623,0.9694150640105093,22.7,,233.2,False
C4,4,35,1,1135,Decision Tree,2497490,44513,16024,15175,5268,359106,456880,1684025,18,44513,15579,22257,0,0.9587096194455677,0.9586136305217459,0.9587096194455677,0.9586515674561351,0.9586514075428376,14.4,,233.2,False
C4,4,35,1,1135,Neural Network,2497490,44513,16024,15175,5268,359106,456880,1684025,18,44513,15579,22257,0,0.9587545491306106,0.9587675704323761,0.9587545491306106,0.9587481649333423,0.9587482303672203,191.6,114.0,233.2,False
C4,4,35,2,1235,Logistic Regression,2603937,44514,16025,15165,5384,365353,466254,1775090,18,44514,15579,22256,0,0.7346782890007189,0.7301875423250228,0.7346782890007189,0.7318166393119491,0.7318154355965858,3.7,214.0,203.1,False
C4,4,35,2,1235,Random Forest,2603937,44514,16025,15165,5384,365353,466254,1775090,18,44514,15579,22256,0,0.9666157440690151,0.9665307404153318,0.9666157440690151,0.9665202185857883,0.9665196374065858,23.9,,203.1,False
C4,4,35,2,1235,Decision Tree,2603937,44514,16025,15165,5384,365353,466254,1775090,18,44514,15579,22256,0,0.9556524083393242,0.9555737793672785,0.9556524083393242,0.95560458896632,0.9556038805201746,14.5,,203.1,False
C4,4,35,2,1235,Neural Network,2603937,44514,16025,15165,5384,365353,466254,1775090,18,44514,15579,22256,0,0.9578091301222142,0.9577258020609912,0.9578091301222142,0.9576750893362675,0.9576743116162776,159.8,94.0,203.1,False
C1,1,40,0,1040,Logistic Regression,6146,7730,2117,2117,6146,,,,10,44513,17805,22257,0,0.9222267151907265,0.9218086032487169,0.9222267151907265,0.9218587778263393,0.9218597103069813,3.0,172.0,211.5,False
C1,1,40,0,1040,Random Forest,6146,7730,2117,2117,6146,,,,10,44513,17805,22257,0,0.9662128768477333,0.9661706053400896,0.9662128768477333,0.9660919133904444,0.9660923789959865,22.1,,211.5,False
C1,1,40,0,1040,Decision Tree,6146,7730,2117,2117,6146,,,,10,44513,17805,22257,0,0.9596082131464259,0.9595460072238112,0.9596082131464259,0.9595152995244473,0.9595157466872649,9.1,,211.5,False
C1,1,40,0,1040,Neural Network,6146,7730,2117,2117,6146,,,,10,44513,17805,22257,0,0.9614952599182279,0.9614035181209701,0.9614952599182279,0.9614204460112374,0.9614210183011673,176.5,105.0,211.5,False
C1,1,40,2,1240,Logistic Regression,5908,7533,2142,2142,5908,,,,10,44514,17805,22256,0,0.9175952552120776,0.9172139494394803,0.9175952552120776,0.9171837776582672,0.9171825454276303,2.9,171.0,231.7,False
C1,1,40,2,1240,Random Forest,5908,7533,2142,2142,5908,,,,10,44514,17805,22256,0,0.9643242271746945,0.9642954329716024,0.9643242271746945,0.9642099434018906,0.9642094056702352,22.6,,231.7,False
C1,1,40,2,1240,Decision Tree,5908,7533,2142,2142,5908,,,,10,44514,17805,22256,0,0.957764198418404,0.9576786390165988,0.957764198418404,0.9577121684435462,0.9577114696765229,7.9,,231.7,False
C1,1,40,2,1240,Neural Network,5908,7533,2142,2142,5908,,,,10,44514,17805,22256,0,0.9579439252336449,0.9578996277923638,0.9579439252336449,0.9578293862307976,0.9578286341594447,197.5,115.0,231.7,False
C1,1,40,1,1140,Logistic Regression,5939,7650,2220,2220,5939,,,,10,44513,17805,22257,0,0.9212382621197825,0.9209838661534585,0.9212382621197825,0.9210346534869953,0.9210346539106393,3.0,185.0,266.3,False
C1,1,40,1,1140,Random Forest,5939,7650,2220,2220,5939,,,,10,44513,17805,22257,0,0.9684144314148357,0.9683474937654427,0.9684144314148357,0.9683374036195781,0.96833737614753,22.8,,266.3,False
C1,1,40,1,1140,Decision Tree,5939,7650,2220,2220,5939,,,,10,44513,17805,22257,0,0.957541447634452,0.9574861390505759,0.957541447634452,0.9575082810853526,0.9575081222458264,7.2,,266.3,False
C1,1,40,1,1140,Neural Network,5939,7650,2220,2220,5939,,,,10,44513,17805,22257,0,0.9612706114930134,0.9611934824191721,0.9612706114930134,0.9612097189455441,0.961209749730793,232.5,140.0,266.3,False
C2,2,40,0,1040,Logistic Regression,407038,44513,16328,16034,6146,400892,,,11,44513,17805,22257,0,0.7188749606865256,0.7149485439445028,0.7188749606865256,0.7166004900928119,0.7166046010042302,4.2,247.0,213.6,False
C2,2,40,0,1040,Random Forest,407038,44513,16328,16034,6146,400892,,,11,44513,17805,22257,0,0.9650896347216606,0.9650287357970312,0.9650896347216606,0.9649749474216125,0.9649754638751388,24.8,,213.6,False
C2,2,40,0,1040,Decision Tree,407038,44513,16328,16034,6146,400892,,,11,44513,17805,22257,0,0.9552051040122209,0.9550659983254106,0.9552051040122209,0.9550767698671039,0.9550773308276563,14.9,,213.6,False
C2,2,40,0,1040,Neural Network,407038,44513,16328,16034,6146,400892,,,11,44513,17805,22257,0,0.9556094711776071,0.9555322990624626,0.9556094711776071,0.955508903839096,0.955509514175513,168.8,103.0,213.6,False
C2,2,40,1,1140,Logistic Regression,404590,44513,16294,15999,5939,398651,,,11,44513,17805,22257,0,0.7160443905288224,0.7111106884115176,0.7160443905288224,0.7130403046722336,0.713037588934777,4.0,237.0,217.2,False
C2,2,40,1,1140,Random Forest,404590,44513,16294,15999,5939,398651,,,11,44513,17805,22257,0,0.9671564002336344,0.967069709840295,0.9671564002336344,0.9670796530213361,0.967079618417771,23.7,,217.2,False
C2,2,40,1,1140,Decision Tree,404590,44513,16294,15999,5939,398651,,,11,44513,17805,22257,0,0.954216650941277,0.9541903670603568,0.954216650941277,0.9541931258300761,0.9541929186444141,14.4,,217.2,False
C2,2,40,1,1140,Neural Network,404590,44513,16294,15999,5939,398651,,,11,44513,17805,22257,0,0.9566877836186368,0.9566250306481777,0.9566877836186368,0.9566492493136204,0.9566491887814159,174.3,107.0,217.2,False
C2,2,40,2,1240,Logistic Regression,409697,44514,16284,15985,5908,403789,,,11,44514,17805,22256,0,0.7242541337167505,0.7199709048097112,0.7242541337167505,0.7215873992983675,0.7215862889236474,4.1,243.0,233.3,False
C2,2,40,2,1240,Random Forest,409697,44514,16284,15985,5908,403789,,,11,44514,17805,22256,0,0.9652228612508986,0.9651907283675312,0.9652228612508986,0.9651357734853337,0.9651352476667954,23.3,,233.3,False
C2,2,40,2,1240,Decision Tree,409697,44514,16284,15985,5908,403789,,,11,44514,17805,22256,0,0.9534956865564342,0.9534279734259226,0.9534956865564342,0.95345582533049,0.9534552525022336,13.4,,233.3,False
C2,2,40,2,1240,Neural Network,409697,44514,16284,15985,5908,403789,,,11,44514,17805,22256,0,0.9508447160316319,0.9512727716096684,0.9508447160316319,0.9509618088939846,0.9509609725568435,191.6,114.0,233.3,False
C3,3,40,0,1040,Logistic Regression,924679,44513,18152,16723,6146,400892,518015,,13,44513,17805,22257,0,0.7201329918677271,0.7156640570941478,0.7201329918677271,0.71745396591533,0.7174582026947198,4.0,249.0,208.9,False
C3,3,40,0,1040,Random Forest,924679,44513,18152,16723,6146,400892,518015,,13,44513,17805,22257,0,0.964864986296446,0.9648117353741087,0.964864986296446,0.964761521378731,0.9647619923347154,24.1,,208.9,False
C3,3,40,0,1040,Decision Tree,924679,44513,18152,16723,6146,400892,518015,,13,44513,17805,22257,0,0.954665947791706,0.9545520273773893,0.954665947791706,0.9545403074843664,0.9545409585962616,14.2,,208.9,False
C3,3,40,0,1040,Neural Network,924679,44513,18152,16723,6146,400892,518015,,13,44513,17805,22257,0,0.9566428539335939,0.9565504497135516,0.9566428539335939,0.9565335654312381,0.9565341812191039,165.6,98.0,208.9,False
C3,3,40,1,1140,Logistic Regression,921201,44513,18137,16717,5939,398651,516966,,13,44513,17805,22257,0,0.7153255155681358,0.710346715398064,0.7153255155681358,0.712309783463893,0.7123069119777056,3.8,229.0,251.8,False
C3,3,40,1,1140,Random Forest,921201,44513,18137,16717,5939,398651,516966,,13,44513,17805,22257,0,0.9663925955879049,0.9663005931557979,0.9663925955879049,0.9663148561414892,0.96631482361151,24.4,,251.8,False
C3,3,40,1,1140,Decision Tree,921201,44513,18137,16717,5939,398651,516966,,13,44513,17805,22257,0,0.9535427056656333,0.9534815335949265,0.9535427056656333,0.9535083714053523,0.9535081309794945,14.8,,251.8,False
C3,3,40,1,1140,Neural Network,921201,44513,18137,16717,5939,398651,516966,,13,44513,17805,22257,0,0.9564182055083794,0.9563366186741348,0.9564182055083794,0.9563566329587478,0.9563565264700774,207.8,125.0,251.8,False
C3,3,40,2,1240,Logistic Regression,917674,44514,18078,16653,5908,403789,508305,,13,44514,17805,22256,0,0.7229511143062545,0.7180021335613774,0.7229511143062545,0.7197597383071942,0.7197584632659202,4.3,257.0,224.8,False
C3,3,40,2,1240,Random Forest,917674,44514,18078,16653,5908,403789,508305,,13,44514,17805,22256,0,0.9647286125089863,0.9647146293687582,0.9647286125089863,0.9646262901148183,0.9646257463141215,23.4,,224.8,False
C3,3,40,2,1240,Decision Tree,917674,44514,18078,16653,5908,403789,508305,,13,44514,17805,22256,0,0.9545291157440691,0.9544164466630142,0.9545291157440691,0.9544560693706156,0.9544554337041866,14.4,,224.8,False
C3,3,40,2,1240,Neural Network,917674,44514,18078,16653,5908,403789,508305,,13,44514,17805,22256,0,0.9530463695183321,0.9529558287766589,0.9530463695183321,0.9529572515398733,0.9529564377415705,181.8,108.0,224.8,False
C4,4,40,0,1040,Logistic Regression,2821372,44513,18409,17328,6146,400892,518015,1905515,18,44513,17805,22257,0,0.7096194455676865,0.7041353846920649,0.7096194455676865,0.7062748992007857,0.7062791462220374,3.6,205.0,215.4,False
C4,4,40,0,1040,Random Forest,2821372,44513,18409,17328,6146,400892,518015,1905515,18,44513,17805,22257,0,0.9655838612571326,0.9655296301882443,0.9655838612571326,0.9654742573936128,0.9654747266813615,26.6,,215.4,False
C4,4,40,0,1040,Decision Tree,2821372,44513,18409,17328,6146,400892,518015,1905515,18,44513,17805,22257,0,0.9574066585793234,0.9573161465532707,0.9574066585793234,0.9572950360593454,0.957295653697857,13.2,,215.4,False
C4,4,40,0,1040,Neural Network,2821372,44513,18409,17328,6146,400892,518015,1905515,18,44513,17805,22257,0,0.9565080648784652,0.9564738239798145,0.9565080648784652,0.9563446701803047,0.9563451941453831,170.8,108.0,215.4,False
C4,4,40,1,1140,Logistic Regression,2830404,44513,18365,17361,5939,398651,516966,1917924,18,44513,17805,22257,0,0.709394797142472,0.7038004213721146,0.709394797142472,0.705961334539575,0.7059585975072136,3.3,194.0,211.1,False
C4,4,40,1,1140,Random Forest,2830404,44513,18365,17361,5939,398651,516966,1917924,18,44513,17805,22257,0,0.9672013299186772,0.9671156957125001,0.9672013299186772,0.9671394728293621,0.9671394564819019,25.5,,211.1,False
C4,4,40,1,1140,Decision Tree,2830404,44513,18365,17361,5939,398651,516966,1917924,18,44513,17805,22257,0,0.9524643932246035,0.9524008446087152,0.9524643932246035,0.9524261290087318,0.9524258570172381,13.6,,211.1,False
C4,4,40,1,1140,Neural Network,2830404,44513,18365,17361,5939,398651,516966,1917924,18,44513,17805,22257,0,0.9542615806263198,0.9541812611960797,0.9542615806263198,0.9541549817514275,0.9541549585489406,167.4,107.0,211.1,False
C4,4,40,2,1240,Logistic Regression,2826859,44514,18333,17321,5908,403789,508305,1917816,18,44514,17805,22256,0,0.7119428468727534,0.7059155941540762,0.7119428468727534,0.7079978871423972,0.7079961915877574,3.7,218.0,225.8,False
C4,4,40,2,1240,Random Forest,2826859,44514,18333,17321,5908,403789,508305,1917816,18,44514,17805,22256,0,0.9653576563623293,0.9653438011865704,0.9653576563623293,0.9652709205839987,0.9652704115997407,24.8,,225.8,False
C4,4,40,2,1240,Decision Tree,2826859,44514,18333,17321,5908,403789,508305,1917816,18,44514,17805,22256,0,0.9563713156002875,0.9562989195875737,0.9563713156002875,0.9563285966300089,0.956327952340315,14.2,,225.8,False
C4,4,40,2,1240,Neural Network,2826859,44514,18333,17321,5908,403789,508305,1917816,18,44514,17805,22256,0,0.9509795111430626,0.9508341911334356,0.9509795111430626,0.9508389214764293,0.950838123727477,182.0,146.0,225.8,False
