Modello,Ambito,Metrica,N_punti,Pearson_r,Pearson_p,Spearman_rho,Spearman_p
Decision Tree,tutte le configurazioni,IM,99,-0.4241,1.2182201137449074e-05,-0.486,3.402116662141334e-07
Decision Tree,tutte le configurazioni,IP,99,-0.2683,0.007243582393831176,-0.4775,5.806189833872911e-07
Decision Tree,tutte le configurazioni,IH,99,-0.7616,5.631144032429262e-20,-0.7211,3.868463822886452e-17
Decision Tree,C1,IM,27,-0.938,5.274525829063205e-13,-0.9414,2.6724595347530643e-13
Decision Tree,C1,IP,27,-0.9494,4.4040178060007476e-14,-0.9554,9.403387074425507e-15
Decision Tree,C1,IH,27,-0.9536,1.539781707946768e-14,-0.9617,1.4704887822001995e-15
Decision Tree,C2,IM,27,-0.9544,1.242252687093269e-14,-0.9676,1.8361967826549995e-16
Decision Tree,C2,IP,27,-0.5992,0.00095730237184746,-0.9503,3.506423182170574e-14
Decision Tree,C2,IH,27,-0.9642,6.234776916021272e-16,-0.9707,5.4093065648174703e-17
Decision Tree,C3,IM,27,-0.9496,4.20763463344961e-14,-0.9743,1.0394769426582456e-17
Decision Tree,C3,IP,27,-0.4976,0.00827301464464941,-0.8047,4.211635775659081e-07
Decision Tree,C3,IH,27,-0.9605,2.0935084173445883e-15,-0.9633,8.459154702387908e-16
Decision Tree,C4,IM,27,-0.9419,2.372080903022429e-13,-0.9615,1.541298111251202e-15
Decision Tree,C4,IP,27,-0.5105,0.006517523942149592,-0.3091,0.11668832549335101
Decision Tree,C4,IH,27,-0.9488,5.127350415261683e-14,-0.956,7.940442121531174e-15
Logistic Regression,tutte le configurazioni,IM,99,-0.6626,8.040942980268202e-14,-0.8385,2.5310834643252343e-27
Logistic Regression,tutte le configurazioni,IP,99,-0.7715,9.331489934670742e-21,-0.8171,6.218935457042575e-25
Logistic Regression,tutte le configurazioni,IH,99,-0.9876,7.914308439015401e-80,-0.9941,2.847120630451822e-95
Logistic Regression,C1,IM,27,-0.871,3.4272449107282556e-09,-0.9444,1.392449509063564e-13
Logistic Regression,C1,IP,27,-0.8612,8.13492837293229e-09,-0.9536,1.5402681158911365e-14
Logistic Regression,C1,IH,27,-0.7849,1.2526524313167975e-06,-0.9665,2.745152857971746e-16
Logistic Regression,C2,IM,27,-0.9943,7.452893116449754e-26,-0.9878,1.0480047859717784e-21
Logistic Regression,C2,IP,27,-0.7595,4.339341007790543e-06,-0.9553,9.813101351453265e-15
Logistic Regression,C2,IH,27,-0.9853,1.037250097180369e-20,-0.9866,3.427192817654256e-21
Logistic Regression,C3,IM,27,-0.9945,5.54209391555611e-26,-0.9878,1.0480047859717784e-21
Logistic Regression,C3,IP,27,-0.6629,0.00016453420101654145,-0.8097,3.121058024258836e-07
Logistic Regression,C3,IH,27,-0.986,5.798112505166493e-21,-0.9853,1.0103212355296128e-20
Logistic Regression,C4,IM,27,-0.9949,2.0206102580784907e-26,-0.9884,5.537628444921495e-22
Logistic Regression,C4,IP,27,-0.638,0.00034289872839033514,-0.3224,0.10103287497717307
Logistic Regression,C4,IH,27,-0.9875,1.4491283213724685e-21,-0.989,2.8263421204754977e-22
Neural Network,tutte le configurazioni,IM,99,-0.5022,1.183538381579322e-07,-0.5459,5.108392068934437e-09
Neural Network,tutte le configurazioni,IP,99,-0.308,0.001924366628508695,-0.5448,5.569565539676809e-09
Neural Network,tutte le configurazioni,IH,99,-0.7988,3.9457540794398864e-23,-0.7599,7.603932895410872e-20
Neural Network,C1,IM,27,-0.9161,2.059806809587431e-11,-0.9334,1.2516356796191177e-12
Neural Network,C1,IP,27,-0.9237,6.523227265252473e-12,-0.942,2.3524199391381867e-13
Neural Network,C1,IH,27,-0.9287,2.8615824801162056e-12,-0.9491,4.705110794665485e-14
Neural Network,C2,IM,27,-0.9404,3.238202893616308e-13,-0.9462,9.249866841729531e-14
Neural Network,C2,IP,27,-0.5676,0.0020144318111035443,-0.9362,7.38770792755151e-13
Neural Network,C2,IH,27,-0.9505,3.338315202479241e-14,-0.9536,1.5402681158911365e-14
Neural Network,C3,IM,27,-0.9655,3.9681029872494724e-16,-0.9701,6.976649374360532e-17
Neural Network,C3,IP,27,-0.518,0.005650936152559177,-0.8561,1.2445659198145641e-08
Neural Network,C3,IH,27,-0.9712,4.2933742024042856e-17,-0.9743,1.0394769426582456e-17
Neural Network,C4,IM,27,-0.9474,7.050040348535086e-14,-0.9585,3.938270757028844e-15
Neural Network,C4,IP,27,-0.491,0.009305668494029766,-0.3443,0.07861266475998925
Neural Network,C4,IH,27,-0.9566,6.679964242186566e-15,-0.9536,1.5402681158911365e-14
Random Forest,tutte le configurazioni,IM,99,-0.3894,6.772649545632066e-05,-0.4251,1.1543144557519034e-05
Random Forest,tutte le configurazioni,IP,99,-0.1723,0.08811866615687948,-0.3996,4.171370954019001e-05
Random Forest,tutte le configurazioni,IH,99,-0.6958,1.3058359168592837e-15,-0.6586,1.275080546008339e-13
Random Forest,C1,IM,27,-0.931,1.9407165749441103e-12,-0.9578,4.711069092898866e-15
Random Forest,C1,IP,27,-0.9437,1.619571031318559e-13,-0.964,6.878934886395142e-16
Random Forest,C1,IH,27,-0.9602,2.3626345110437465e-15,-0.9559,8.300472253046838e-15
Random Forest,C2,IM,27,-0.94,3.5113380135375444e-13,-0.9572,5.620728633474873e-15
Random Forest,C2,IP,27,-0.5561,0.0025944406635738685,-0.9356,8.29866786363248e-13
Random Forest,C2,IH,27,-0.9509,3.0286141125597053e-14,-0.9554,9.403387074425507e-15
Random Forest,C3,IM,27,-0.9537,1.5077850699342506e-14,-0.975,7.716568596539305e-18
Random Forest,C3,IP,27,-0.4829,0.010731616591837275,-0.797,6.498271071905896e-07
Random Forest,C3,IH,27,-0.9652,4.458344612641789e-16,-0.9688,1.1427767524850862e-16
Random Forest,C4,IM,27,-0.9583,4.1046262637129045e-15,-0.9743,1.0394769426582456e-17
Random Forest,C4,IP,27,-0.4634,0.01491327957566288,-0.284,0.1511353054357567
Random Forest,C4,IH,27,-0.9653,4.365594756296724e-16,-0.9633,8.459154702387908e-16
