N_FD,Rumore_%,Rep,Seed,Modello,IM,IP,IH,Accuracy_test_sporco,Precision_test_sporco,Recall_test_sporco,F1_Score_test_sporco,Accuracy_test_sporco_std,F1_Score_test_sporco_std,Accuracy_test_pulito,Precision_test_pulito,Recall_test_pulito,F1_Score_test_pulito,Accuracy_test_pulito_std,F1_Score_test_pulito_std,Quota_train_sporca
1,0,1,101,Logistic Regression,0,0,0,0.9222,0.9221,0.9222,0.9218,0.008,0.0081,0.9222,0.9221,0.9222,0.9218,0.008,0.0081,0.0
1,0,1,101,Random Forest,0,0,0,0.9347,0.9348,0.9347,0.9345,0.0045,0.0045,0.9347,0.9348,0.9347,0.9345,0.0045,0.0045,0.0
1,0,1,101,Decision Tree,0,0,0,0.9219,0.9218,0.9219,0.9218,0.0038,0.0038,0.9219,0.9218,0.9219,0.9218,0.0038,0.0038,0.0
1,0,1,101,Neural Network,0,0,0,0.9153,0.9155,0.9153,0.9152,0.007,0.0072,0.9153,0.9155,0.9153,0.9152,0.007,0.0072,0.0
1,0,0,100,Logistic Regression,0,0,0,0.9222,0.9221,0.9222,0.9218,0.008,0.0081,0.9222,0.9221,0.9222,0.9218,0.008,0.0081,0.0
1,0,0,100,Random Forest,0,0,0,0.9347,0.9348,0.9347,0.9345,0.0045,0.0045,0.9347,0.9348,0.9347,0.9345,0.0045,0.0045,0.0
1,0,0,100,Decision Tree,0,0,0,0.9219,0.9218,0.9219,0.9218,0.0038,0.0038,0.9219,0.9218,0.9219,0.9218,0.0038,0.0038,0.0
1,0,0,100,Neural Network,0,0,0,0.9153,0.9155,0.9153,0.9152,0.007,0.0072,0.9153,0.9155,0.9153,0.9152,0.007,0.0072,0.0
1,0,3,103,Logistic Regression,0,0,0,0.9222,0.9221,0.9222,0.9218,0.008,0.0081,0.9222,0.9221,0.9222,0.9218,0.008,0.0081,0.0
1,0,3,103,Random Forest,0,0,0,0.9347,0.9348,0.9347,0.9345,0.0045,0.0045,0.9347,0.9348,0.9347,0.9345,0.0045,0.0045,0.0
1,0,3,103,Decision Tree,0,0,0,0.9219,0.9218,0.9219,0.9218,0.0038,0.0038,0.9219,0.9218,0.9219,0.9218,0.0038,0.0038,0.0
1,0,3,103,Neural Network,0,0,0,0.9153,0.9155,0.9153,0.9152,0.007,0.0072,0.9153,0.9155,0.9153,0.9152,0.007,0.0072,0.0
1,0,2,102,Logistic Regression,0,0,0,0.9222,0.9221,0.9222,0.9218,0.008,0.0081,0.9222,0.9221,0.9222,0.9218,0.008,0.0081,0.0
1,0,2,102,Random Forest,0,0,0,0.9347,0.9348,0.9347,0.9345,0.0045,0.0045,0.9347,0.9348,0.9347,0.9345,0.0045,0.0045,0.0
1,0,2,102,Decision Tree,0,0,0,0.9219,0.9218,0.9219,0.9218,0.0038,0.0038,0.9219,0.9218,0.9219,0.9218,0.0038,0.0038,0.0
1,0,2,102,Neural Network,0,0,0,0.9153,0.9155,0.9153,0.9152,0.007,0.0072,0.9153,0.9155,0.9153,0.9152,0.007,0.0072,0.0
5,0,0,100,Logistic Regression,0,0,0,0.9222,0.9221,0.9222,0.9218,0.008,0.0081,0.9222,0.9221,0.9222,0.9218,0.008,0.0081,0.0
5,0,0,100,Random Forest,0,0,0,0.9347,0.9348,0.9347,0.9345,0.0045,0.0045,0.9347,0.9348,0.9347,0.9345,0.0045,0.0045,0.0
5,0,0,100,Decision Tree,0,0,0,0.9219,0.9218,0.9219,0.9218,0.0038,0.0038,0.9219,0.9218,0.9219,0.9218,0.0038,0.0038,0.0
5,0,0,100,Neural Network,0,0,0,0.9153,0.9155,0.9153,0.9152,0.007,0.0072,0.9153,0.9155,0.9153,0.9152,0.007,0.0072,0.0
1,0,4,104,Logistic Regression,0,0,0,0.9222,0.9221,0.9222,0.9218,0.008,0.0081,0.9222,0.9221,0.9222,0.9218,0.008,0.0081,0.0
1,0,4,104,Random Forest,0,0,0,0.9347,0.9348,0.9347,0.9345,0.0045,0.0045,0.9347,0.9348,0.9347,0.9345,0.0045,0.0045,0.0
1,0,4,104,Decision Tree,0,0,0,0.9219,0.9218,0.9219,0.9218,0.0038,0.0038,0.9219,0.9218,0.9219,0.9218,0.0038,0.0038,0.0
1,0,4,104,Neural Network,0,0,0,0.9153,0.9155,0.9153,0.9152,0.007,0.0072,0.9153,0.9155,0.9153,0.9152,0.007,0.0072,0.0
5,0,1,101,Logistic Regression,0,0,0,0.9222,0.9221,0.9222,0.9218,0.008,0.0081,0.9222,0.9221,0.9222,0.9218,0.008,0.0081,0.0
5,0,1,101,Random Forest,0,0,0,0.9347,0.9348,0.9347,0.9345,0.0045,0.0045,0.9347,0.9348,0.9347,0.9345,0.0045,0.0045,0.0
5,0,1,101,Decision Tree,0,0,0,0.9219,0.9218,0.9219,0.9218,0.0038,0.0038,0.9219,0.9218,0.9219,0.9218,0.0038,0.0038,0.0
5,0,1,101,Neural Network,0,0,0,0.9153,0.9155,0.9153,0.9152,0.007,0.0072,0.9153,0.9155,0.9153,0.9152,0.007,0.0072,0.0
5,0,2,102,Logistic Regression,0,0,0,0.9222,0.9221,0.9222,0.9218,0.008,0.0081,0.9222,0.9221,0.9222,0.9218,0.008,0.0081,0.0
5,0,2,102,Random Forest,0,0,0,0.9347,0.9348,0.9347,0.9345,0.0045,0.0045,0.9347,0.9348,0.9347,0.9345,0.0045,0.0045,0.0
5,0,2,102,Decision Tree,0,0,0,0.9219,0.9218,0.9219,0.9218,0.0038,0.0038,0.9219,0.9218,0.9219,0.9218,0.0038,0.0038,0.0
5,0,2,102,Neural Network,0,0,0,0.9153,0.9155,0.9153,0.9152,0.007,0.0072,0.9153,0.9155,0.9153,0.9152,0.007,0.0072,0.0
5,0,3,103,Logistic Regression,0,0,0,0.9222,0.9221,0.9222,0.9218,0.008,0.0081,0.9222,0.9221,0.9222,0.9218,0.008,0.0081,0.0
5,0,3,103,Random Forest,0,0,0,0.9347,0.9348,0.9347,0.9345,0.0045,0.0045,0.9347,0.9348,0.9347,0.9345,0.0045,0.0045,0.0
5,0,3,103,Decision Tree,0,0,0,0.9219,0.9218,0.9219,0.9218,0.0038,0.0038,0.9219,0.9218,0.9219,0.9218,0.0038,0.0038,0.0
5,0,3,103,Neural Network,0,0,0,0.9153,0.9155,0.9153,0.9152,0.007,0.0072,0.9153,0.9155,0.9153,0.9152,0.007,0.0072,0.0
5,0,4,104,Logistic Regression,0,0,0,0.9222,0.9221,0.9222,0.9218,0.008,0.0081,0.9222,0.9221,0.9222,0.9218,0.008,0.0081,0.0
5,0,4,104,Random Forest,0,0,0,0.9347,0.9348,0.9347,0.9345,0.0045,0.0045,0.9347,0.9348,0.9347,0.9345,0.0045,0.0045,0.0
5,0,4,104,Decision Tree,0,0,0,0.9219,0.9218,0.9219,0.9218,0.0038,0.0038,0.9219,0.9218,0.9219,0.9218,0.0038,0.0038,0.0
5,0,4,104,Neural Network,0,0,0,0.9153,0.9155,0.9153,0.9152,0.007,0.0072,0.9153,0.9155,0.9153,0.9152,0.007,0.0072,0.0
10,0,0,100,Logistic Regression,0,0,0,0.9222,0.9221,0.9222,0.9218,0.008,0.0081,0.9222,0.9221,0.9222,0.9218,0.008,0.0081,0.0
10,0,0,100,Random Forest,0,0,0,0.9347,0.9348,0.9347,0.9345,0.0045,0.0045,0.9347,0.9348,0.9347,0.9345,0.0045,0.0045,0.0
10,0,0,100,Decision Tree,0,0,0,0.9219,0.9218,0.9219,0.9218,0.0038,0.0038,0.9219,0.9218,0.9219,0.9218,0.0038,0.0038,0.0
10,0,0,100,Neural Network,0,0,0,0.9153,0.9155,0.9153,0.9152,0.007,0.0072,0.9153,0.9155,0.9153,0.9152,0.007,0.0072,0.0
10,0,1,101,Logistic Regression,0,0,0,0.9222,0.9221,0.9222,0.9218,0.008,0.0081,0.9222,0.9221,0.9222,0.9218,0.008,0.0081,0.0
10,0,1,101,Random Forest,0,0,0,0.9347,0.9348,0.9347,0.9345,0.0045,0.0045,0.9347,0.9348,0.9347,0.9345,0.0045,0.0045,0.0
10,0,1,101,Decision Tree,0,0,0,0.9219,0.9218,0.9219,0.9218,0.0038,0.0038,0.9219,0.9218,0.9219,0.9218,0.0038,0.0038,0.0
10,0,1,101,Neural Network,0,0,0,0.9153,0.9155,0.9153,0.9152,0.007,0.0072,0.9153,0.9155,0.9153,0.9152,0.007,0.0072,0.0
10,0,3,103,Logistic Regression,0,0,0,0.9222,0.9221,0.9222,0.9218,0.008,0.0081,0.9222,0.9221,0.9222,0.9218,0.008,0.0081,0.0
10,0,3,103,Random Forest,0,0,0,0.9347,0.9348,0.9347,0.9345,0.0045,0.0045,0.9347,0.9348,0.9347,0.9345,0.0045,0.0045,0.0
10,0,3,103,Decision Tree,0,0,0,0.9219,0.9218,0.9219,0.9218,0.0038,0.0038,0.9219,0.9218,0.9219,0.9218,0.0038,0.0038,0.0
10,0,3,103,Neural Network,0,0,0,0.9153,0.9155,0.9153,0.9152,0.007,0.0072,0.9153,0.9155,0.9153,0.9152,0.007,0.0072,0.0
10,0,2,102,Logistic Regression,0,0,0,0.9222,0.9221,0.9222,0.9218,0.008,0.0081,0.9222,0.9221,0.9222,0.9218,0.008,0.0081,0.0
10,0,2,102,Random Forest,0,0,0,0.9347,0.9348,0.9347,0.9345,0.0045,0.0045,0.9347,0.9348,0.9347,0.9345,0.0045,0.0045,0.0
10,0,2,102,Decision Tree,0,0,0,0.9219,0.9218,0.9219,0.9218,0.0038,0.0038,0.9219,0.9218,0.9219,0.9218,0.0038,0.0038,0.0
10,0,2,102,Neural Network,0,0,0,0.9153,0.9155,0.9153,0.9152,0.007,0.0072,0.9153,0.9155,0.9153,0.9152,0.007,0.0072,0.0
10,0,4,104,Logistic Regression,0,0,0,0.9222,0.9221,0.9222,0.9218,0.008,0.0081,0.9222,0.9221,0.9222,0.9218,0.008,0.0081,0.0
10,0,4,104,Random Forest,0,0,0,0.9347,0.9348,0.9347,0.9345,0.0045,0.0045,0.9347,0.9348,0.9347,0.9345,0.0045,0.0045,0.0
10,0,4,104,Decision Tree,0,0,0,0.9219,0.9218,0.9219,0.9218,0.0038,0.0038,0.9219,0.9218,0.9219,0.9218,0.0038,0.0038,0.0
10,0,4,104,Neural Network,0,0,0,0.9153,0.9155,0.9153,0.9152,0.007,0.0072,0.9153,0.9155,0.9153,0.9152,0.007,0.0072,0.0
1,5,0,100,Logistic Regression,336,408,106,0.8942,0.8941,0.8942,0.8937,0.0088,0.0087,0.904,0.9036,0.904,0.9034,0.0092,0.0093,0.052
1,5,0,100,Random Forest,336,408,106,0.929,0.9291,0.929,0.9288,0.0031,0.0031,0.9323,0.9323,0.9323,0.932,0.0037,0.0038,0.052
1,5,0,100,Decision Tree,336,408,106,0.9162,0.9163,0.9162,0.916,0.0037,0.0038,0.9229,0.923,0.9229,0.9227,0.0053,0.0052,0.052
1,5,0,100,Neural Network,336,408,106,0.8968,0.8968,0.8968,0.8966,0.0079,0.0079,0.9105,0.9104,0.9105,0.9103,0.007,0.0072,0.052
1,5,1,101,Logistic Regression,353,414,107,0.898,0.8977,0.898,0.8975,0.009,0.009,0.9059,0.9056,0.9059,0.9052,0.007,0.0069,0.0485
1,5,1,101,Random Forest,353,414,107,0.9303,0.9304,0.9303,0.9301,0.0017,0.0017,0.9316,0.9317,0.9316,0.9314,0.0025,0.0024,0.0485
1,5,1,101,Decision Tree,353,414,107,0.9156,0.9156,0.9156,0.9154,0.0042,0.0043,0.9216,0.9216,0.9216,0.9215,0.006,0.0061,0.0485
1,5,1,101,Neural Network,353,414,107,0.8969,0.8971,0.8969,0.8968,0.0056,0.0055,0.908,0.9081,0.908,0.9078,0.0037,0.0037,0.0485
1,5,2,102,Logistic Regression,538,611,129,0.8959,0.8957,0.8959,0.8954,0.0074,0.0074,0.9033,0.903,0.9033,0.9027,0.0068,0.0069,0.0488
1,5,2,102,Random Forest,538,611,129,0.9273,0.9273,0.9273,0.9271,0.0037,0.0038,0.9295,0.9296,0.9295,0.9293,0.0036,0.0036,0.0488
1,5,2,102,Decision Tree,538,611,129,0.9169,0.917,0.9169,0.9169,0.0048,0.0048,0.9236,0.9235,0.9236,0.9235,0.0053,0.0053,0.0488
1,5,2,102,Neural Network,538,611,129,0.8991,0.8991,0.8991,0.8989,0.0046,0.0047,0.9106,0.9105,0.9106,0.9103,0.006,0.0062,0.0488
1,5,3,103,Logistic Regression,455,539,129,0.8953,0.8952,0.8953,0.8949,0.0061,0.0061,0.9036,0.9033,0.9036,0.903,0.0081,0.0081,0.0503
1,5,3,103,Random Forest,455,539,129,0.9293,0.9293,0.9293,0.9291,0.0063,0.0063,0.9311,0.9311,0.9311,0.9308,0.006,0.006,0.0503
1,5,3,103,Decision Tree,455,539,129,0.9135,0.9135,0.9135,0.9133,0.0062,0.0062,0.922,0.9219,0.922,0.9218,0.0046,0.0046,0.0503
1,5,3,103,Neural Network,455,539,129,0.8934,0.8936,0.8934,0.8933,0.0073,0.0075,0.9064,0.9063,0.9064,0.9061,0.0082,0.0083,0.0503
1,5,4,104,Logistic Regression,372,445,113,0.8975,0.8974,0.8975,0.8971,0.0068,0.0068,0.9066,0.9063,0.9066,0.906,0.0077,0.0077,0.0477
1,5,4,104,Random Forest,372,445,113,0.929,0.9291,0.929,0.9288,0.0045,0.0045,0.9318,0.9318,0.9318,0.9315,0.0054,0.0054,0.0477
1,5,4,104,Decision Tree,372,445,113,0.9203,0.9204,0.9203,0.9202,0.0026,0.0026,0.9255,0.9255,0.9255,0.9254,0.004,0.004,0.0477
1,5,4,104,Neural Network,372,445,113,0.902,0.9022,0.902,0.9018,0.009,0.0091,0.9145,0.9145,0.9145,0.9142,0.0094,0.0095,0.0477
5,5,0,100,Logistic Regression,531194,30000,8857,0.8918,0.8918,0.8918,0.8914,0.0093,0.0091,0.9014,0.9011,0.9014,0.9007,0.0103,0.0103,0.233
5,5,0,100,Random Forest,531194,30000,8857,0.923,0.9229,0.923,0.9226,0.0051,0.0051,0.9272,0.9272,0.9272,0.9268,0.0031,0.0031,0.233
5,5,0,100,Decision Tree,531194,30000,8857,0.9131,0.9132,0.9131,0.913,0.003,0.0031,0.9235,0.9235,0.9235,0.9233,0.0036,0.0036,0.233
5,5,0,100,Neural Network,531194,30000,8857,0.8881,0.8881,0.8881,0.888,0.0091,0.0091,0.9088,0.9087,0.9088,0.9086,0.0089,0.0091,0.233
5,5,1,101,Logistic Regression,517044,30000,8787,0.8932,0.8928,0.8932,0.8926,0.01,0.01,0.903,0.9025,0.903,0.9023,0.0082,0.0082,0.2237
5,5,1,101,Random Forest,517044,30000,8787,0.929,0.9291,0.929,0.9288,0.0034,0.0034,0.9309,0.931,0.9309,0.9307,0.0021,0.0021,0.2237
5,5,1,101,Decision Tree,517044,30000,8787,0.9138,0.9138,0.9138,0.9137,0.0068,0.0067,0.9213,0.9211,0.9213,0.921,0.0066,0.0067,0.2237
5,5,1,101,Neural Network,517044,30000,8787,0.887,0.8869,0.887,0.8868,0.0044,0.0045,0.9072,0.907,0.9072,0.907,0.0035,0.0037,0.2237
5,5,2,102,Logistic Regression,525065,30000,8856,0.8911,0.8907,0.8911,0.8906,0.0062,0.0062,0.9009,0.9005,0.9009,0.9003,0.0081,0.0082,0.2295
5,5,2,102,Random Forest,525065,30000,8856,0.9267,0.9267,0.9267,0.9264,0.0065,0.0065,0.9293,0.9293,0.9293,0.929,0.0072,0.0072,0.2295
5,5,2,102,Decision Tree,525065,30000,8856,0.9126,0.9126,0.9126,0.9125,0.0053,0.0054,0.9213,0.9211,0.9213,0.9211,0.005,0.005,0.2295
5,5,2,102,Neural Network,525065,30000,8856,0.8916,0.8913,0.8916,0.8913,0.0058,0.0061,0.9087,0.9085,0.9087,0.9084,0.0058,0.006,0.2295
5,5,3,103,Logistic Regression,507394,30000,8791,0.8926,0.8925,0.8926,0.8923,0.0064,0.0063,0.9043,0.9041,0.9043,0.9038,0.0079,0.0079,0.2333
5,5,3,103,Random Forest,507394,30000,8791,0.9231,0.9231,0.9231,0.9228,0.0023,0.0024,0.9252,0.9252,0.9252,0.9249,0.0016,0.0015,0.2333
5,5,3,103,Decision Tree,507394,30000,8791,0.9109,0.9111,0.9109,0.9109,0.0067,0.0067,0.92,0.92,0.92,0.9199,0.0074,0.0074,0.2333
5,5,3,103,Neural Network,507394,30000,8791,0.8926,0.8931,0.8926,0.8927,0.0057,0.0056,0.909,0.9092,0.909,0.9089,0.0076,0.0076,0.2333
5,5,4,104,Logistic Regression,519028,30000,8822,0.8954,0.8953,0.8954,0.8949,0.0081,0.0082,0.9063,0.906,0.9063,0.9057,0.008,0.0081,0.2184
5,5,4,104,Random Forest,519028,30000,8822,0.9242,0.9241,0.9242,0.9239,0.0031,0.0031,0.9292,0.9291,0.9292,0.9288,0.0028,0.0027,0.2184
5,5,4,104,Decision Tree,519028,30000,8822,0.9148,0.9148,0.9148,0.9147,0.0076,0.0075,0.9231,0.9231,0.9231,0.923,0.0079,0.0079,0.2184
5,5,4,104,Neural Network,519028,30000,8822,0.8917,0.8917,0.8917,0.8914,0.0055,0.0057,0.9083,0.9081,0.9083,0.9079,0.0045,0.0046,0.2184
10,5,0,100,Logistic Regression,2106448,30000,17570,0.8847,0.8846,0.8847,0.8842,0.0097,0.0096,0.898,0.8977,0.898,0.8975,0.0111,0.0111,0.4047
10,5,0,100,Random Forest,2106448,30000,17570,0.922,0.922,0.922,0.9216,0.0049,0.0049,0.9274,0.9275,0.9274,0.9271,0.0048,0.0049,0.4047
10,5,0,100,Decision Tree,2106448,30000,17570,0.9036,0.9036,0.9036,0.9035,0.0036,0.0033,0.9211,0.921,0.9211,0.921,0.0009,0.001,0.4047
10,5,0,100,Neural Network,2106448,30000,17570,0.8759,0.8759,0.8759,0.8756,0.0107,0.0106,0.9026,0.9026,0.9026,0.9023,0.0075,0.0077,0.4047
10,5,1,101,Logistic Regression,2046737,30000,17618,0.8822,0.8817,0.8822,0.8816,0.0129,0.0129,0.8996,0.8991,0.8996,0.8989,0.0093,0.0093,0.3985
10,5,1,101,Random Forest,2046737,30000,17618,0.9215,0.9213,0.9215,0.9212,0.0065,0.0065,0.9287,0.9285,0.9287,0.9283,0.006,0.0059,0.3985
10,5,1,101,Decision Tree,2046737,30000,17618,0.908,0.9079,0.908,0.9078,0.0111,0.0111,0.9234,0.9232,0.9234,0.9231,0.0109,0.0109,0.3985
10,5,1,101,Neural Network,2046737,30000,17618,0.8792,0.879,0.8792,0.879,0.0025,0.0023,0.9044,0.9045,0.9044,0.9043,0.0055,0.0055,0.3985
10,5,2,102,Logistic Regression,2046565,30000,17553,0.8879,0.8874,0.8879,0.8873,0.0071,0.0072,0.8989,0.8984,0.8989,0.8983,0.0078,0.0078,0.4048
10,5,2,102,Random Forest,2046565,30000,17553,0.9219,0.9219,0.9219,0.9217,0.0035,0.0034,0.9263,0.9263,0.9263,0.9261,0.0041,0.004,0.4048
10,5,2,102,Decision Tree,2046565,30000,17553,0.9061,0.9063,0.9061,0.906,0.0057,0.0058,0.9188,0.919,0.9188,0.9187,0.0055,0.0055,0.4048
10,5,2,102,Neural Network,2046565,30000,17553,0.8822,0.8824,0.8822,0.8821,0.0024,0.0026,0.9021,0.9023,0.9021,0.902,0.003,0.0033,0.4048
10,5,3,103,Logistic Regression,2049272,30000,17517,0.8874,0.8872,0.8874,0.887,0.0055,0.0054,0.901,0.9008,0.901,0.9004,0.0072,0.0072,0.4069
10,5,3,103,Random Forest,2049272,30000,17517,0.9203,0.9201,0.9203,0.92,0.0073,0.0073,0.9244,0.9243,0.9244,0.924,0.0073,0.0073,0.4069
10,5,3,103,Decision Tree,2049272,30000,17517,0.9059,0.9059,0.9059,0.9057,0.0109,0.0112,0.9213,0.9212,0.9213,0.921,0.0089,0.0089,0.4069
10,5,3,103,Neural Network,2049272,30000,17517,0.8875,0.8882,0.8875,0.8877,0.0049,0.0051,0.9047,0.905,0.9047,0.9046,0.0067,0.0068,0.4069
10,5,4,104,Logistic Regression,2076837,30000,17671,0.8889,0.8886,0.8889,0.8884,0.0083,0.0083,0.9041,0.9037,0.9041,0.9034,0.0077,0.0078,0.3979
10,5,4,104,Random Forest,2076837,30000,17671,0.9237,0.9238,0.9237,0.9234,0.0061,0.0061,0.9303,0.9303,0.9303,0.93,0.0047,0.0047,0.3979
10,5,4,104,Decision Tree,2076837,30000,17671,0.9122,0.9122,0.9122,0.9121,0.0048,0.0048,0.9235,0.9234,0.9235,0.9233,0.005,0.005,0.3979
10,5,4,104,Neural Network,2076837,30000,17671,0.8843,0.8844,0.8843,0.884,0.0085,0.0088,0.9036,0.9036,0.9036,0.9033,0.0064,0.0067,0.3979
1,10,0,100,Logistic Regression,809,983,260,0.8936,0.8932,0.8936,0.893,0.0064,0.0062,0.9021,0.9016,0.9021,0.9014,0.006,0.006,0.0995
1,10,0,100,Random Forest,809,983,260,0.9248,0.9248,0.9248,0.9246,0.0068,0.0068,0.9293,0.9293,0.9293,0.9289,0.0043,0.0044,0.0995
1,10,0,100,Decision Tree,809,983,260,0.9087,0.9088,0.9087,0.9086,0.0107,0.0106,0.9195,0.9196,0.9195,0.9195,0.0081,0.0082,0.0995
1,10,0,100,Neural Network,809,983,260,0.8922,0.8921,0.8922,0.8921,0.0064,0.0064,0.9074,0.9072,0.9074,0.9071,0.007,0.0072,0.0995
1,10,1,101,Logistic Regression,711,866,259,0.8917,0.8915,0.8917,0.8913,0.0115,0.0115,0.9025,0.9021,0.9025,0.9019,0.009,0.0091,0.0962
1,10,1,101,Random Forest,711,866,259,0.9256,0.9256,0.9256,0.9254,0.004,0.004,0.9302,0.9302,0.9302,0.9299,0.0022,0.0022,0.0962
1,10,1,101,Decision Tree,711,866,259,0.9069,0.907,0.9069,0.9068,0.0091,0.0092,0.9162,0.9162,0.9162,0.9161,0.0088,0.0089,0.0962
1,10,1,101,Neural Network,711,866,259,0.8894,0.8899,0.8894,0.8893,0.0084,0.0087,0.9114,0.9115,0.9114,0.9112,0.0078,0.0081,0.0962
1,10,2,102,Logistic Regression,693,852,248,0.8869,0.8866,0.8869,0.8864,0.009,0.009,0.9005,0.9001,0.9005,0.8999,0.0082,0.0082,0.0964
1,10,2,102,Random Forest,693,852,248,0.9241,0.924,0.9241,0.9238,0.0031,0.0031,0.9279,0.9278,0.9279,0.9276,0.004,0.004,0.0964
1,10,2,102,Decision Tree,693,852,248,0.9079,0.908,0.9079,0.9078,0.004,0.0038,0.9172,0.9174,0.9172,0.9172,0.0046,0.0044,0.0964
1,10,2,102,Neural Network,693,852,248,0.8852,0.8851,0.8852,0.8849,0.0052,0.0051,0.9089,0.9089,0.9089,0.9086,0.0043,0.0044,0.0964
1,10,3,103,Logistic Regression,934,1061,271,0.8918,0.8917,0.8918,0.8915,0.005,0.0051,0.901,0.9007,0.901,0.9005,0.007,0.0071,0.0977
1,10,3,103,Random Forest,934,1061,271,0.9258,0.9257,0.9258,0.9256,0.0034,0.0034,0.9283,0.9282,0.9283,0.928,0.0032,0.0032,0.0977
1,10,3,103,Decision Tree,934,1061,271,0.9078,0.9079,0.9078,0.9076,0.0066,0.0067,0.9198,0.9197,0.9198,0.9196,0.0065,0.0065,0.0977
1,10,3,103,Neural Network,934,1061,271,0.8885,0.8888,0.8885,0.8885,0.0048,0.0048,0.908,0.9082,0.908,0.9079,0.0053,0.0053,0.0977
1,10,4,104,Logistic Regression,788,944,264,0.8901,0.8898,0.8901,0.8895,0.0112,0.0113,0.9019,0.9016,0.9019,0.9012,0.0095,0.0097,0.0988
1,10,4,104,Random Forest,788,944,264,0.9227,0.9228,0.9227,0.9225,0.0055,0.0056,0.9278,0.9279,0.9278,0.9275,0.0055,0.0056,0.0988
1,10,4,104,Decision Tree,788,944,264,0.9067,0.9068,0.9067,0.9065,0.008,0.0078,0.9184,0.9185,0.9184,0.9182,0.0103,0.0102,0.0988
1,10,4,104,Neural Network,788,944,264,0.8865,0.887,0.8865,0.8865,0.0055,0.0054,0.9096,0.9097,0.9096,0.9094,0.0055,0.0057,0.0988
5,10,0,100,Logistic Regression,971573,30000,14949,0.8867,0.8862,0.8867,0.8861,0.0088,0.0087,0.9017,0.9011,0.9017,0.901,0.0076,0.0076,0.4094
5,10,0,100,Random Forest,971573,30000,14949,0.9213,0.9212,0.9213,0.9209,0.0063,0.0064,0.9277,0.9276,0.9277,0.9273,0.0065,0.0064,0.4094
5,10,0,100,Decision Tree,971573,30000,14949,0.9063,0.9061,0.9063,0.9061,0.0065,0.0064,0.9216,0.9216,0.9216,0.9214,0.0038,0.0038,0.4094
5,10,0,100,Neural Network,971573,30000,14949,0.875,0.8748,0.875,0.8747,0.0072,0.0073,0.9038,0.9036,0.9038,0.9035,0.0067,0.0068,0.4094
5,10,1,101,Logistic Regression,981778,30000,15032,0.8858,0.8856,0.8858,0.8853,0.0109,0.0108,0.901,0.9006,0.901,0.9004,0.0077,0.0078,0.4035
5,10,1,101,Random Forest,981778,30000,15032,0.9195,0.9195,0.9195,0.9192,0.0084,0.0085,0.926,0.9261,0.926,0.9256,0.007,0.0071,0.4035
5,10,1,101,Decision Tree,981778,30000,15032,0.9046,0.9047,0.9046,0.9044,0.0087,0.009,0.9167,0.9167,0.9167,0.9165,0.0056,0.0058,0.4035
5,10,1,101,Neural Network,981778,30000,15032,0.8687,0.8689,0.8687,0.8686,0.008,0.0079,0.8984,0.8984,0.8984,0.8983,0.0068,0.0069,0.4035
5,10,2,102,Logistic Regression,947761,30000,14945,0.8813,0.881,0.8813,0.8808,0.0096,0.0093,0.8949,0.8945,0.8949,0.8942,0.0074,0.0073,0.4101
5,10,2,102,Random Forest,947761,30000,14945,0.9199,0.9199,0.9199,0.9195,0.0039,0.0039,0.9271,0.9271,0.9271,0.9266,0.0042,0.0041,0.4101
5,10,2,102,Decision Tree,947761,30000,14945,0.9042,0.9042,0.9042,0.904,0.0047,0.0047,0.9177,0.9177,0.9177,0.9175,0.0045,0.0044,0.4101
5,10,2,102,Neural Network,947761,30000,14945,0.8672,0.867,0.8672,0.8669,0.0027,0.0025,0.8974,0.8972,0.8974,0.897,0.0042,0.0045,0.4101
5,10,3,103,Logistic Regression,949911,30000,15004,0.8838,0.8837,0.8838,0.8834,0.0072,0.0071,0.8977,0.8974,0.8977,0.8971,0.0069,0.007,0.4088
5,10,3,103,Random Forest,949911,30000,15004,0.9203,0.9201,0.9203,0.9199,0.0061,0.0062,0.9248,0.9248,0.9248,0.9244,0.0055,0.0055,0.4088
5,10,3,103,Decision Tree,949911,30000,15004,0.903,0.9032,0.903,0.903,0.0077,0.0075,0.9161,0.916,0.9161,0.9159,0.0065,0.0066,0.4088
5,10,3,103,Neural Network,949911,30000,15004,0.871,0.8711,0.871,0.8707,0.0094,0.0098,0.9005,0.9007,0.9005,0.9001,0.0111,0.0114,0.4088
5,10,4,104,Logistic Regression,979722,30000,14989,0.881,0.8807,0.881,0.8804,0.0105,0.0105,0.898,0.8977,0.898,0.8973,0.0072,0.0072,0.4054
5,10,4,104,Random Forest,979722,30000,14989,0.918,0.9181,0.918,0.9177,0.0083,0.0082,0.9255,0.9256,0.9255,0.9251,0.0089,0.0089,0.4054
5,10,4,104,Decision Tree,979722,30000,14989,0.9007,0.9008,0.9007,0.9005,0.0067,0.0068,0.9171,0.9171,0.9171,0.9168,0.0084,0.0085,0.4054
5,10,4,104,Neural Network,979722,30000,14989,0.868,0.8681,0.868,0.8677,0.003,0.0029,0.9031,0.903,0.9031,0.9027,0.001,0.0009,0.4054
10,10,0,100,Logistic Regression,2987394,30000,25308,0.8727,0.8723,0.8727,0.8722,0.0096,0.0098,0.8948,0.8941,0.8948,0.894,0.0077,0.0079,0.644
10,10,0,100,Random Forest,2987394,30000,25308,0.914,0.9137,0.914,0.9135,0.009,0.009,0.924,0.9238,0.924,0.9236,0.0057,0.0057,0.644
10,10,0,100,Decision Tree,2987394,30000,25308,0.8942,0.8942,0.8942,0.8941,0.0087,0.0088,0.9188,0.9186,0.9188,0.9186,0.0071,0.0072,0.644
10,10,0,100,Neural Network,2987394,30000,25308,0.855,0.8546,0.855,0.8546,0.0093,0.0092,0.8973,0.8969,0.8973,0.8968,0.0058,0.0057,0.644
10,10,1,101,Logistic Regression,2914616,30000,25142,0.8732,0.8731,0.8732,0.8729,0.0159,0.0157,0.8951,0.8945,0.8951,0.8945,0.0119,0.0119,0.6478
10,10,1,101,Random Forest,2914616,30000,25142,0.9164,0.9162,0.9164,0.916,0.0079,0.008,0.9258,0.9257,0.9258,0.9254,0.0052,0.0053,0.6478
10,10,1,101,Decision Tree,2914616,30000,25142,0.8915,0.8915,0.8915,0.8914,0.0054,0.0054,0.9167,0.9164,0.9167,0.9164,0.0063,0.0063,0.6478
10,10,1,101,Neural Network,2914616,30000,25142,0.8545,0.8544,0.8545,0.8543,0.0133,0.0133,0.8967,0.8967,0.8967,0.8965,0.0086,0.0086,0.6478
10,10,2,102,Logistic Regression,2955448,30000,25112,0.8692,0.8689,0.8692,0.8687,0.0078,0.0076,0.8927,0.8922,0.8927,0.892,0.0099,0.0098,0.6488
10,10,2,102,Random Forest,2955448,30000,25112,0.9171,0.9169,0.9171,0.9167,0.005,0.0049,0.926,0.9258,0.926,0.9256,0.0061,0.006,0.6488
10,10,2,102,Decision Tree,2955448,30000,25112,0.8957,0.8957,0.8957,0.8955,0.0055,0.0055,0.9151,0.9152,0.9151,0.9149,0.0055,0.0053,0.6488
10,10,2,102,Neural Network,2955448,30000,25112,0.8509,0.8507,0.8509,0.8506,0.0061,0.0061,0.8934,0.8933,0.8934,0.8932,0.0075,0.0075,0.6488
10,10,3,103,Logistic Regression,2955389,30000,25146,0.8723,0.8721,0.8723,0.8719,0.0079,0.0078,0.8915,0.8912,0.8915,0.8908,0.0089,0.0089,0.6512
10,10,3,103,Random Forest,2955389,30000,25146,0.9194,0.9194,0.9194,0.919,0.0036,0.0037,0.9239,0.9239,0.9239,0.9234,0.0041,0.0042,0.6512
10,10,3,103,Decision Tree,2955389,30000,25146,0.8894,0.8895,0.8894,0.8893,0.0102,0.0102,0.9135,0.9133,0.9135,0.9132,0.0094,0.0096,0.6512
10,10,3,103,Neural Network,2955389,30000,25146,0.8433,0.8428,0.8433,0.8427,0.0063,0.0063,0.8897,0.8899,0.8897,0.8891,0.0093,0.0095,0.6512
10,10,4,104,Logistic Regression,2981727,30000,25167,0.8728,0.8724,0.8728,0.8722,0.0116,0.0119,0.8943,0.8939,0.8943,0.8936,0.0116,0.0116,0.6498
10,10,4,104,Random Forest,2981727,30000,25167,0.9104,0.9102,0.9104,0.9099,0.0071,0.0072,0.923,0.923,0.923,0.9225,0.0063,0.0064,0.6498
10,10,4,104,Decision Tree,2981727,30000,25167,0.8958,0.8959,0.8958,0.8956,0.0079,0.0079,0.9184,0.9182,0.9184,0.9181,0.0056,0.0057,0.6498
10,10,4,104,Neural Network,2981727,30000,25167,0.8527,0.8526,0.8527,0.8523,0.0116,0.0116,0.8994,0.8992,0.8994,0.8991,0.0078,0.0079,0.6498
1,20,0,100,Logistic Regression,1081,1424,478,0.8885,0.8882,0.8885,0.8879,0.0088,0.0088,0.8986,0.8981,0.8986,0.898,0.0094,0.0095,0.2012
1,20,0,100,Random Forest,1081,1424,478,0.92,0.92,0.92,0.9197,0.007,0.007,0.926,0.9259,0.926,0.9256,0.0059,0.0059,0.2012
1,20,0,100,Decision Tree,1081,1424,478,0.9035,0.9038,0.9035,0.9033,0.0073,0.0071,0.919,0.9193,0.919,0.9188,0.0079,0.0079,0.2012
1,20,0,100,Neural Network,1081,1424,478,0.877,0.8772,0.877,0.8768,0.0062,0.0065,0.904,0.904,0.904,0.9037,0.0051,0.0052,0.2012
1,20,1,101,Logistic Regression,1619,1969,613,0.8844,0.8841,0.8844,0.8839,0.0099,0.0098,0.8979,0.8975,0.8979,0.8973,0.0098,0.0098,0.1985
1,20,1,101,Random Forest,1619,1969,613,0.9205,0.9205,0.9205,0.9202,0.0046,0.0046,0.9281,0.9281,0.9281,0.9278,0.0054,0.0054,0.1985
1,20,1,101,Decision Tree,1619,1969,613,0.9015,0.9017,0.9015,0.9015,0.0101,0.01,0.9164,0.9164,0.9164,0.9164,0.0098,0.0097,0.1985
1,20,1,101,Neural Network,1619,1969,613,0.8766,0.8773,0.8766,0.8768,0.0119,0.012,0.9036,0.9041,0.9036,0.9036,0.0057,0.0058,0.1985
1,20,2,102,Logistic Regression,1634,2028,623,0.8874,0.8869,0.8874,0.8869,0.0092,0.0093,0.8962,0.8956,0.8962,0.8955,0.0088,0.0089,0.196
1,20,2,102,Random Forest,1634,2028,623,0.9214,0.9214,0.9214,0.9212,0.0054,0.0053,0.9253,0.9253,0.9253,0.925,0.0056,0.0056,0.196
1,20,2,102,Decision Tree,1634,2028,623,0.9005,0.9005,0.9005,0.9004,0.0074,0.0072,0.9176,0.9175,0.9176,0.9174,0.0063,0.0063,0.196
1,20,2,102,Neural Network,1634,2028,623,0.8743,0.8743,0.8743,0.8741,0.0071,0.0072,0.9028,0.9028,0.9028,0.9027,0.0045,0.0047,0.196
1,20,3,103,Logistic Regression,1757,2107,625,0.8883,0.8878,0.8883,0.8877,0.0086,0.0087,0.8984,0.8979,0.8984,0.8978,0.0048,0.0048,0.1947
1,20,3,103,Random Forest,1757,2107,625,0.9213,0.9213,0.9213,0.9211,0.0073,0.0073,0.9276,0.9276,0.9276,0.9272,0.0075,0.0075,0.1947
1,20,3,103,Decision Tree,1757,2107,625,0.8975,0.8974,0.8975,0.8973,0.0127,0.0127,0.9162,0.9161,0.9162,0.9159,0.0097,0.0097,0.1947
1,20,3,103,Neural Network,1757,2107,625,0.8776,0.8778,0.8776,0.8776,0.0056,0.0058,0.9054,0.9057,0.9054,0.9054,0.0081,0.0082,0.1947
1,20,4,104,Logistic Regression,1610,1988,600,0.885,0.8848,0.885,0.8845,0.0099,0.0099,0.8964,0.8961,0.8964,0.8958,0.0092,0.0094,0.1979
1,20,4,104,Random Forest,1610,1988,600,0.9169,0.9169,0.9169,0.9166,0.0066,0.0067,0.9253,0.9253,0.9253,0.925,0.0035,0.0036,0.1979
1,20,4,104,Decision Tree,1610,1988,600,0.8956,0.8958,0.8956,0.8955,0.0127,0.0125,0.9166,0.9165,0.9166,0.9164,0.0102,0.0102,0.1979
1,20,4,104,Neural Network,1610,1988,600,0.8728,0.8729,0.8728,0.8726,0.0073,0.0075,0.9035,0.9032,0.9035,0.9032,0.0075,0.0078,0.1979
5,20,0,100,Logistic Regression,1672020,30000,22894,0.8691,0.869,0.8691,0.8684,0.0057,0.0053,0.8944,0.8942,0.8944,0.8938,0.0088,0.0086,0.68
5,20,0,100,Random Forest,1672020,30000,22894,0.9082,0.9081,0.9082,0.9076,0.0109,0.011,0.9199,0.92,0.9199,0.9194,0.0106,0.0108,0.68
5,20,0,100,Decision Tree,1672020,30000,22894,0.8897,0.8897,0.8897,0.8896,0.0139,0.0137,0.9098,0.9096,0.9098,0.9095,0.0157,0.0157,0.68
5,20,0,100,Neural Network,1672020,30000,22894,0.8423,0.8421,0.8423,0.8419,0.0058,0.0059,0.8916,0.8918,0.8916,0.8915,0.0102,0.0103,0.68
5,20,1,101,Logistic Regression,1683024,30000,22788,0.8754,0.8753,0.8754,0.8749,0.0097,0.0097,0.8958,0.8953,0.8958,0.8953,0.0124,0.0123,0.6776
5,20,1,101,Random Forest,1683024,30000,22788,0.9056,0.9054,0.9056,0.9051,0.0064,0.0065,0.9206,0.9204,0.9206,0.9201,0.0056,0.0057,0.6776
5,20,1,101,Decision Tree,1683024,30000,22788,0.8969,0.8969,0.8969,0.8968,0.0053,0.0054,0.9143,0.9143,0.9143,0.9142,0.0045,0.0044,0.6776
5,20,1,101,Neural Network,1683024,30000,22788,0.8336,0.8339,0.8336,0.8336,0.0086,0.0083,0.8888,0.8887,0.8888,0.8885,0.0094,0.0096,0.6776
5,20,2,102,Logistic Regression,1645470,30000,22718,0.878,0.8776,0.878,0.8773,0.0083,0.0082,0.8921,0.8916,0.8921,0.8915,0.0046,0.0047,0.6692
5,20,2,102,Random Forest,1645470,30000,22718,0.9088,0.9086,0.9088,0.9084,0.0061,0.006,0.9206,0.9205,0.9206,0.9202,0.0058,0.0058,0.6692
5,20,2,102,Decision Tree,1645470,30000,22718,0.8949,0.8947,0.8949,0.8947,0.0063,0.0065,0.9171,0.9168,0.9171,0.9168,0.002,0.0019,0.6692
5,20,2,102,Neural Network,1645470,30000,22718,0.8384,0.8385,0.8384,0.8383,0.0072,0.0066,0.8948,0.895,0.8948,0.8947,0.0045,0.0045,0.6692
5,20,3,103,Logistic Regression,1685507,30000,22789,0.8784,0.8778,0.8784,0.8777,0.007,0.007,0.8927,0.8921,0.8927,0.892,0.0082,0.0083,0.6658
5,20,3,103,Random Forest,1685507,30000,22789,0.9069,0.9068,0.9069,0.9064,0.0064,0.0064,0.9192,0.9192,0.9192,0.9186,0.0052,0.0053,0.6658
5,20,3,103,Decision Tree,1685507,30000,22789,0.8933,0.8932,0.8933,0.8931,0.0101,0.0101,0.9133,0.9131,0.9133,0.9131,0.0072,0.0071,0.6658
5,20,3,103,Neural Network,1685507,30000,22789,0.8351,0.8352,0.8351,0.8348,0.0097,0.0096,0.8849,0.8847,0.8849,0.8845,0.0042,0.0044,0.6658
5,20,4,104,Logistic Regression,1650563,30000,22725,0.871,0.8707,0.871,0.8705,0.0106,0.0105,0.893,0.8926,0.893,0.8924,0.0119,0.012,0.6706
5,20,4,104,Random Forest,1650563,30000,22725,0.9078,0.9078,0.9078,0.9074,0.0038,0.0038,0.9192,0.9191,0.9192,0.9187,0.0039,0.004,0.6706
5,20,4,104,Decision Tree,1650563,30000,22725,0.8899,0.89,0.8899,0.8897,0.0113,0.0111,0.9141,0.9142,0.9141,0.914,0.0102,0.01,0.6706
5,20,4,104,Neural Network,1650563,30000,22725,0.8409,0.8408,0.8409,0.8405,0.0099,0.0097,0.8897,0.8896,0.8897,0.8895,0.0069,0.0071,0.6706
10,20,0,100,Logistic Regression,3274677,30000,29289,0.8587,0.8588,0.8587,0.8581,0.0124,0.012,0.8865,0.8867,0.8865,0.886,0.0089,0.0086,0.8923
10,20,0,100,Random Forest,3274677,30000,29289,0.8991,0.8993,0.8991,0.8986,0.0077,0.0077,0.9172,0.9174,0.9172,0.9166,0.0083,0.0084,0.8923
10,20,0,100,Decision Tree,3274677,30000,29289,0.8735,0.8739,0.8735,0.8735,0.0071,0.0068,0.9104,0.9106,0.9104,0.9102,0.0114,0.0113,0.8923
10,20,0,100,Neural Network,3274677,30000,29289,0.8028,0.8024,0.8028,0.8021,0.0065,0.0062,0.876,0.8769,0.876,0.8759,0.0139,0.0138,0.8923
10,20,1,101,Logistic Regression,3288932,30000,29263,0.8519,0.8515,0.8519,0.8514,0.0165,0.0165,0.882,0.8816,0.882,0.8815,0.0136,0.0135,0.893
10,20,1,101,Random Forest,3288932,30000,29263,0.8922,0.892,0.8922,0.8916,0.008,0.0079,0.9131,0.9131,0.9131,0.9124,0.0058,0.006,0.893
10,20,1,101,Decision Tree,3288932,30000,29263,0.8737,0.8739,0.8737,0.8737,0.0056,0.0057,0.9146,0.9144,0.9146,0.9144,0.0039,0.0039,0.893
10,20,1,101,Neural Network,3288932,30000,29263,0.8006,0.8006,0.8006,0.8003,0.0104,0.0105,0.8742,0.8743,0.8742,0.874,0.0102,0.0106,0.893
10,20,2,102,Logistic Regression,3257587,30000,29305,0.8632,0.8626,0.8632,0.8625,0.0053,0.0055,0.8841,0.8836,0.8841,0.8833,0.0074,0.0076,0.8965
10,20,2,102,Random Forest,3257587,30000,29305,0.8932,0.8929,0.8932,0.8926,0.009,0.009,0.914,0.9137,0.914,0.9132,0.0047,0.0047,0.8965
10,20,2,102,Decision Tree,3257587,30000,29305,0.8735,0.873,0.8735,0.8731,0.0065,0.0067,0.908,0.9077,0.908,0.9077,0.0087,0.0087,0.8965
10,20,2,102,Neural Network,3257587,30000,29305,0.8066,0.8063,0.8066,0.8063,0.0112,0.0112,0.876,0.8758,0.876,0.8756,0.0091,0.0094,0.8965
10,20,3,103,Logistic Regression,3256972,30000,29270,0.8582,0.8577,0.8582,0.8576,0.0081,0.0081,0.8834,0.8827,0.8834,0.8826,0.0083,0.0083,0.8899
10,20,3,103,Random Forest,3256972,30000,29270,0.8949,0.8946,0.8949,0.8942,0.0085,0.0086,0.9146,0.9146,0.9146,0.9139,0.0049,0.0049,0.8899
10,20,3,103,Decision Tree,3256972,30000,29270,0.8768,0.8767,0.8768,0.8766,0.0109,0.0108,0.9116,0.9114,0.9116,0.9113,0.0051,0.005,0.8899
10,20,3,103,Neural Network,3256972,30000,29270,0.8036,0.8029,0.8036,0.8029,0.0083,0.0081,0.8786,0.879,0.8786,0.8784,0.0049,0.005,0.8899
10,20,4,104,Logistic Regression,3266544,30000,29241,0.8556,0.8557,0.8556,0.8551,0.0133,0.0128,0.8869,0.8867,0.8869,0.8864,0.0102,0.0103,0.8944
10,20,4,104,Random Forest,3266544,30000,29241,0.8968,0.8966,0.8968,0.896,0.0081,0.0081,0.9174,0.9173,0.9174,0.9168,0.0088,0.0088,0.8944
10,20,4,104,Decision Tree,3266544,30000,29241,0.8737,0.8735,0.8737,0.8733,0.0065,0.0065,0.9057,0.9054,0.9057,0.9054,0.0114,0.0115,0.8944
10,20,4,104,Neural Network,3266544,30000,29241,0.8072,0.8074,0.8072,0.8069,0.0151,0.015,0.8771,0.8771,0.8771,0.8768,0.0058,0.0062,0.8944
1,30,0,100,Logistic Regression,2096,2732,977,0.8854,0.8851,0.8854,0.8848,0.0083,0.0083,0.8949,0.8945,0.8949,0.8944,0.0118,0.0119,0.3016
1,30,0,100,Random Forest,2096,2732,977,0.9119,0.9115,0.9119,0.9114,0.006,0.0061,0.9225,0.9225,0.9225,0.9221,0.0037,0.0037,0.3016
1,30,0,100,Decision Tree,2096,2732,977,0.8934,0.8934,0.8934,0.8932,0.0134,0.0131,0.9129,0.9128,0.9129,0.9127,0.0101,0.0101,0.3016
1,30,0,100,Neural Network,2096,2732,977,0.871,0.8708,0.871,0.8707,0.0124,0.0124,0.8995,0.8993,0.8995,0.8992,0.0079,0.008,0.3016
1,30,1,101,Logistic Regression,2287,2855,957,0.8841,0.8837,0.8841,0.8835,0.0091,0.0092,0.897,0.8965,0.897,0.8964,0.0088,0.0089,0.2991
1,30,1,101,Random Forest,2287,2855,957,0.9133,0.9132,0.9133,0.913,0.0075,0.0076,0.9218,0.9217,0.9218,0.9214,0.0041,0.0042,0.2991
1,30,1,101,Decision Tree,2287,2855,957,0.8952,0.8953,0.8952,0.8951,0.0062,0.0064,0.9126,0.9129,0.9126,0.9126,0.0086,0.0087,0.2991
1,30,1,101,Neural Network,2287,2855,957,0.8706,0.8708,0.8706,0.8705,0.0055,0.0055,0.9005,0.9005,0.9005,0.9003,0.0066,0.0068,0.2991
1,30,2,102,Logistic Regression,2367,2964,999,0.8842,0.884,0.8842,0.8838,0.0095,0.0094,0.8951,0.8946,0.8951,0.8944,0.0098,0.0097,0.2952
1,30,2,102,Random Forest,2367,2964,999,0.9137,0.9136,0.9137,0.9134,0.0063,0.0064,0.9221,0.922,0.9221,0.9217,0.0061,0.0062,0.2952
1,30,2,102,Decision Tree,2367,2964,999,0.9001,0.9,0.9001,0.9,0.0073,0.0074,0.9171,0.9169,0.9171,0.9169,0.0049,0.005,0.2952
1,30,2,102,Neural Network,2367,2964,999,0.87,0.8701,0.87,0.8697,0.0073,0.0075,0.9002,0.9001,0.9002,0.8999,0.0087,0.0089,0.2952
1,30,3,103,Logistic Regression,2213,2831,989,0.8853,0.8851,0.8853,0.8848,0.0095,0.0094,0.8938,0.8935,0.8938,0.8933,0.0072,0.0073,0.2952
1,30,3,103,Random Forest,2213,2831,989,0.9174,0.9173,0.9174,0.9171,0.0068,0.0068,0.9245,0.9244,0.9245,0.9241,0.0078,0.0078,0.2952
1,30,3,103,Decision Tree,2213,2831,989,0.8954,0.8955,0.8954,0.8953,0.0086,0.0089,0.9152,0.9153,0.9152,0.9151,0.0056,0.0059,0.2952
1,30,3,103,Neural Network,2213,2831,989,0.8653,0.8653,0.8653,0.8651,0.0114,0.0114,0.8936,0.8937,0.8936,0.8935,0.0033,0.0032,0.2952
1,30,4,104,Logistic Regression,2324,3003,996,0.8799,0.8796,0.8799,0.8793,0.0096,0.0096,0.8926,0.8922,0.8926,0.8919,0.0081,0.0083,0.3001
1,30,4,104,Random Forest,2324,3003,996,0.9119,0.9119,0.9119,0.9116,0.0051,0.005,0.9215,0.9215,0.9215,0.9212,0.0031,0.0031,0.3001
1,30,4,104,Decision Tree,2324,3003,996,0.8967,0.8966,0.8967,0.8963,0.0087,0.0086,0.9152,0.9152,0.9152,0.915,0.0083,0.0083,0.3001
1,30,4,104,Neural Network,2324,3003,996,0.8623,0.8622,0.8623,0.8621,0.0089,0.0091,0.8952,0.895,0.8952,0.8949,0.0107,0.0111,0.3001
5,30,1,101,Logistic Regression,2146526,30000,26773,0.868,0.8676,0.868,0.8676,0.006,0.0059,0.8878,0.8872,0.8878,0.8872,0.0109,0.0109,0.8297
5,30,1,101,Random Forest,2146526,30000,26773,0.8957,0.8954,0.8957,0.895,0.0052,0.005,0.914,0.9138,0.914,0.9133,0.0034,0.0033,0.8297
5,30,1,101,Decision Tree,2146526,30000,26773,0.8848,0.8849,0.8848,0.8847,0.0136,0.0136,0.9111,0.9111,0.9111,0.9108,0.0135,0.0137,0.8297
5,30,1,101,Neural Network,2146526,30000,26773,0.8159,0.8157,0.8159,0.8156,0.0089,0.0088,0.8769,0.8767,0.8769,0.8766,0.0071,0.0074,0.8297
5,30,0,100,Logistic Regression,2140620,30000,26943,0.8681,0.8676,0.8681,0.8674,0.0091,0.0088,0.8864,0.8857,0.8864,0.8857,0.0107,0.0106,0.8346
5,30,0,100,Random Forest,2140620,30000,26943,0.8947,0.8945,0.8947,0.8939,0.0084,0.0082,0.9131,0.9131,0.9131,0.9125,0.0071,0.0073,0.8346
5,30,0,100,Decision Tree,2140620,30000,26943,0.8855,0.8856,0.8855,0.8852,0.0116,0.0112,0.9136,0.9137,0.9136,0.9134,0.011,0.0108,0.8346
5,30,0,100,Neural Network,2140620,30000,26943,0.8121,0.8119,0.8121,0.8116,0.0123,0.0121,0.88,0.8799,0.88,0.8797,0.0129,0.013,0.8346
5,30,2,102,Logistic Regression,2119571,30000,26802,0.8628,0.8627,0.8628,0.8623,0.0121,0.0116,0.8864,0.8857,0.8864,0.8858,0.0101,0.0101,0.8261
5,30,2,102,Random Forest,2119571,30000,26802,0.8983,0.8979,0.8983,0.8975,0.0088,0.0088,0.9166,0.9164,0.9166,0.9159,0.0051,0.0053,0.8261
5,30,2,102,Decision Tree,2119571,30000,26802,0.8849,0.8851,0.8849,0.8848,0.0074,0.0073,0.9109,0.9108,0.9109,0.9108,0.006,0.006,0.8261
5,30,2,102,Neural Network,2119571,30000,26802,0.814,0.8144,0.814,0.8138,0.0053,0.0048,0.8796,0.8793,0.8796,0.8793,0.0085,0.0085,0.8261
5,30,3,103,Logistic Regression,2109373,30000,26832,0.8635,0.8631,0.8635,0.863,0.0145,0.0145,0.8875,0.8871,0.8875,0.8869,0.0074,0.0075,0.833
5,30,3,103,Random Forest,2109373,30000,26832,0.897,0.8967,0.897,0.8964,0.0058,0.0058,0.9125,0.9122,0.9125,0.9119,0.0066,0.0066,0.833
5,30,3,103,Decision Tree,2109373,30000,26832,0.886,0.8861,0.886,0.8859,0.0065,0.0062,0.913,0.9131,0.913,0.9127,0.0066,0.0066,0.833
5,30,3,103,Neural Network,2109373,30000,26832,0.8105,0.8099,0.8105,0.8099,0.0114,0.0116,0.8758,0.8753,0.8758,0.8753,0.0088,0.0093,0.833
5,30,4,104,Logistic Regression,2142340,30000,26785,0.8632,0.8625,0.8632,0.8624,0.0064,0.0061,0.8821,0.8817,0.8821,0.8816,0.0133,0.0135,0.8404
5,30,4,104,Random Forest,2142340,30000,26785,0.8963,0.8961,0.8963,0.8958,0.01,0.0098,0.9103,0.91,0.9103,0.9096,0.0092,0.0094,0.8404
5,30,4,104,Decision Tree,2142340,30000,26785,0.8831,0.8826,0.8831,0.8826,0.0099,0.0097,0.907,0.907,0.907,0.9069,0.0067,0.0067,0.8404
5,30,4,104,Neural Network,2142340,30000,26785,0.8082,0.8074,0.8082,0.8073,0.0048,0.0046,0.8758,0.8757,0.8758,0.8756,0.0115,0.0115,0.8404
10,30,0,100,Logistic Regression,3068843,30000,29807,0.8466,0.8461,0.8466,0.8458,0.0095,0.0096,0.8789,0.8782,0.8789,0.8782,0.0137,0.0136,0.9721
10,30,0,100,Random Forest,3068843,30000,29807,0.8758,0.8757,0.8758,0.8746,0.0091,0.0093,0.9042,0.9043,0.9042,0.9031,0.0096,0.0098,0.9721
10,30,0,100,Decision Tree,3068843,30000,29807,0.8646,0.8647,0.8646,0.8644,0.0067,0.0069,0.9069,0.9068,0.9069,0.9065,0.0079,0.0078,0.9721
10,30,0,100,Neural Network,3068843,30000,29807,0.7643,0.7627,0.7643,0.7631,0.0095,0.0099,0.8562,0.8552,0.8562,0.8554,0.0137,0.0136,0.9721
10,30,1,101,Logistic Regression,3077987,30000,29808,0.848,0.8476,0.848,0.8476,0.0076,0.0076,0.8756,0.875,0.8756,0.8749,0.0084,0.0084,0.9684
10,30,1,101,Random Forest,3077987,30000,29808,0.875,0.8749,0.875,0.8741,0.0129,0.0127,0.9002,0.9005,0.9002,0.8991,0.0056,0.0056,0.9684
10,30,1,101,Decision Tree,3077987,30000,29808,0.8601,0.8602,0.8601,0.8596,0.0085,0.0085,0.9001,0.8999,0.9001,0.8995,0.0083,0.0083,0.9684
10,30,1,101,Neural Network,3077987,30000,29808,0.7756,0.7754,0.7756,0.7753,0.0096,0.0097,0.8616,0.8606,0.8616,0.8609,0.0092,0.0094,0.9684
10,30,2,102,Logistic Regression,3054909,30000,29802,0.8435,0.8428,0.8435,0.8429,0.0115,0.0114,0.8739,0.8734,0.8739,0.8734,0.016,0.0157,0.971
10,30,2,102,Random Forest,3054909,30000,29802,0.8816,0.8812,0.8816,0.8807,0.0103,0.0103,0.9073,0.9071,0.9073,0.9064,0.009,0.0092,0.971
10,30,2,102,Decision Tree,3054909,30000,29802,0.8646,0.8647,0.8646,0.8645,0.012,0.0119,0.9015,0.9011,0.9015,0.9011,0.0088,0.0088,0.971
10,30,2,102,Neural Network,3054909,30000,29802,0.775,0.7742,0.775,0.7741,0.0136,0.0135,0.8604,0.8601,0.8604,0.8601,0.0107,0.0107,0.971
10,30,3,103,Logistic Regression,3079214,30000,29785,0.842,0.8417,0.842,0.8416,0.0132,0.013,0.876,0.8757,0.876,0.8757,0.0106,0.0107,0.9711
10,30,3,103,Random Forest,3079214,30000,29785,0.877,0.8765,0.877,0.8762,0.0067,0.0066,0.9044,0.9041,0.9044,0.9036,0.0073,0.0074,0.9711
10,30,3,103,Decision Tree,3079214,30000,29785,0.8667,0.867,0.8667,0.8667,0.0125,0.0123,0.9085,0.9085,0.9085,0.9083,0.008,0.008,0.9711
10,30,3,103,Neural Network,3079214,30000,29785,0.7766,0.7759,0.7766,0.776,0.0185,0.0184,0.8578,0.8577,0.8578,0.8577,0.0105,0.0106,0.9711
10,30,4,104,Logistic Regression,3069476,30000,29795,0.8447,0.844,0.8447,0.8441,0.0036,0.0036,0.8718,0.8713,0.8718,0.8713,0.0104,0.0105,0.9753
10,30,4,104,Random Forest,3069476,30000,29795,0.8748,0.8743,0.8748,0.8741,0.0092,0.0089,0.9027,0.9024,0.9027,0.9019,0.0037,0.0038,0.9753
10,30,4,104,Decision Tree,3069476,30000,29795,0.86,0.86,0.86,0.8597,0.0116,0.0112,0.9015,0.9015,0.9015,0.9014,0.0084,0.0084,0.9753
10,30,4,104,Neural Network,3069476,30000,29795,0.7734,0.7723,0.7734,0.7727,0.0072,0.0071,0.8583,0.8582,0.8583,0.8581,0.0078,0.0078,0.9753
1,40,0,100,Logistic Regression,2842,3807,1428,0.8796,0.8795,0.8796,0.879,0.0103,0.0103,0.8923,0.8919,0.8923,0.8918,0.0121,0.0122,0.4005
1,40,0,100,Random Forest,2842,3807,1428,0.9068,0.9066,0.9068,0.9064,0.0047,0.0048,0.9182,0.918,0.9182,0.9178,0.004,0.0041,0.4005
1,40,0,100,Decision Tree,2842,3807,1428,0.8875,0.8876,0.8875,0.8874,0.0035,0.0035,0.9079,0.9081,0.9079,0.9078,0.0099,0.0102,0.4005
1,40,0,100,Neural Network,2842,3807,1428,0.864,0.8637,0.864,0.8636,0.0085,0.0087,0.8934,0.8931,0.8934,0.8931,0.0087,0.0089,0.4005
1,40,1,101,Logistic Regression,2905,3865,1459,0.8824,0.8819,0.8824,0.8818,0.0091,0.0092,0.8926,0.8921,0.8926,0.8919,0.0089,0.0089,0.3991
1,40,1,101,Random Forest,2905,3865,1459,0.9125,0.9123,0.9125,0.9121,0.0062,0.0062,0.9198,0.9196,0.9198,0.9194,0.0046,0.0046,0.3991
1,40,1,101,Decision Tree,2905,3865,1459,0.8912,0.891,0.8912,0.8909,0.0081,0.008,0.9089,0.9087,0.9089,0.9087,0.0107,0.0107,0.3991
1,40,1,101,Neural Network,2905,3865,1459,0.8603,0.8602,0.8603,0.8601,0.0083,0.0086,0.8946,0.8943,0.8946,0.8942,0.0043,0.0048,0.3991
1,40,2,102,Logistic Regression,2605,3466,1341,0.8836,0.8832,0.8836,0.883,0.0088,0.0088,0.893,0.8925,0.893,0.8924,0.0109,0.0109,0.3942
1,40,2,102,Random Forest,2605,3466,1341,0.9082,0.9079,0.9082,0.9078,0.0058,0.0059,0.9183,0.9182,0.9183,0.9179,0.0055,0.0055,0.3942
1,40,2,102,Decision Tree,2605,3466,1341,0.8932,0.8932,0.8932,0.893,0.0091,0.0089,0.9116,0.9117,0.9116,0.9115,0.006,0.006,0.3942
1,40,2,102,Neural Network,2605,3466,1341,0.8651,0.865,0.8651,0.8648,0.0115,0.0115,0.8968,0.8965,0.8968,0.8965,0.0106,0.0108,0.3942
1,40,3,103,Logistic Regression,2847,3786,1430,0.8831,0.8825,0.8831,0.8825,0.0052,0.005,0.8907,0.8905,0.8907,0.8902,0.0066,0.0067,0.3952
1,40,3,103,Random Forest,2847,3786,1430,0.91,0.9099,0.91,0.9097,0.0071,0.0071,0.9183,0.9182,0.9183,0.9179,0.0074,0.0074,0.3952
1,40,3,103,Decision Tree,2847,3786,1430,0.8934,0.8939,0.8934,0.8932,0.0068,0.0064,0.9152,0.9155,0.9152,0.9151,0.0044,0.0042,0.3952
1,40,3,103,Neural Network,2847,3786,1430,0.856,0.8558,0.856,0.8558,0.0074,0.0075,0.89,0.8901,0.89,0.8899,0.0074,0.0074,0.3952
1,40,4,104,Logistic Regression,2879,3913,1449,0.8838,0.8838,0.8838,0.8833,0.0086,0.0088,0.8949,0.8947,0.8949,0.8944,0.0101,0.0102,0.3989
1,40,4,104,Random Forest,2879,3913,1449,0.9079,0.9079,0.9079,0.9076,0.005,0.0049,0.9195,0.9195,0.9195,0.9192,0.0044,0.0044,0.3989
1,40,4,104,Decision Tree,2879,3913,1449,0.8885,0.8884,0.8885,0.8884,0.0057,0.0056,0.9095,0.9093,0.9095,0.9093,0.0069,0.007,0.3989
1,40,4,104,Neural Network,2879,3913,1449,0.8595,0.8593,0.8595,0.8592,0.0084,0.0083,0.8895,0.8894,0.8895,0.8892,0.0104,0.0106,0.3989
5,40,0,100,Logistic Regression,2430479,30000,28694,0.8575,0.8574,0.8575,0.857,0.0163,0.0162,0.8816,0.881,0.8816,0.881,0.0139,0.0138,0.9248
5,40,0,100,Random Forest,2430479,30000,28694,0.8889,0.8885,0.8889,0.8881,0.0071,0.0072,0.9069,0.9066,0.9069,0.906,0.0104,0.0105,0.9248
5,40,0,100,Decision Tree,2430479,30000,28694,0.8731,0.873,0.8731,0.8728,0.0106,0.0106,0.9017,0.9018,0.9017,0.9016,0.015,0.015,0.9248
5,40,0,100,Neural Network,2430479,30000,28694,0.7943,0.7937,0.7943,0.7937,0.0078,0.0081,0.8684,0.8681,0.8684,0.868,0.0122,0.0123,0.9248
5,40,1,101,Logistic Regression,2434115,30000,28666,0.8598,0.8597,0.8598,0.8593,0.0129,0.0128,0.8834,0.8829,0.8834,0.8826,0.013,0.0131,0.9224
5,40,1,101,Random Forest,2434115,30000,28666,0.8912,0.8906,0.8912,0.8903,0.0075,0.0078,0.9087,0.9085,0.9087,0.9077,0.0084,0.0087,0.9224
5,40,1,101,Decision Tree,2434115,30000,28666,0.8791,0.8788,0.8791,0.8788,0.0077,0.0078,0.908,0.9077,0.908,0.9076,0.006,0.0058,0.9224
5,40,1,101,Neural Network,2434115,30000,28666,0.7904,0.7905,0.7904,0.7901,0.0027,0.0031,0.866,0.8655,0.866,0.8654,0.0092,0.0096,0.9224
5,40,2,102,Logistic Regression,2447742,30000,28773,0.8659,0.8656,0.8659,0.8653,0.0134,0.0132,0.8828,0.8825,0.8828,0.8822,0.0085,0.0084,0.9214
5,40,2,102,Random Forest,2447742,30000,28773,0.8848,0.8846,0.8848,0.8841,0.0063,0.0062,0.9067,0.9064,0.9067,0.906,0.0073,0.0073,0.9214
5,40,2,102,Decision Tree,2447742,30000,28773,0.8843,0.8841,0.8843,0.8841,0.006,0.0058,0.9098,0.9096,0.9098,0.9095,0.0062,0.0061,0.9214
5,40,2,102,Neural Network,2447742,30000,28773,0.7999,0.7993,0.7999,0.7992,0.0163,0.0162,0.8716,0.8714,0.8716,0.8712,0.0116,0.0114,0.9214
5,40,3,103,Logistic Regression,2409960,30000,28718,0.865,0.8646,0.865,0.8645,0.0123,0.0121,0.8821,0.8817,0.8821,0.8816,0.0065,0.0065,0.9251
5,40,3,103,Random Forest,2409960,30000,28718,0.8847,0.8841,0.8847,0.8839,0.0093,0.0093,0.9069,0.9065,0.9069,0.9063,0.0067,0.0068,0.9251
5,40,3,103,Decision Tree,2409960,30000,28718,0.8698,0.8701,0.8698,0.8697,0.0088,0.0087,0.9051,0.9052,0.9051,0.9048,0.0036,0.0035,0.9251
5,40,3,103,Neural Network,2409960,30000,28718,0.801,0.8005,0.801,0.8004,0.008,0.0083,0.8682,0.8684,0.8682,0.8681,0.0099,0.0101,0.9251
5,40,4,104,Logistic Regression,2450294,30000,28731,0.8624,0.862,0.8624,0.8619,0.0066,0.0065,0.8816,0.8816,0.8816,0.8813,0.0133,0.0134,0.9192
5,40,4,104,Random Forest,2450294,30000,28731,0.8876,0.8871,0.8876,0.8869,0.0077,0.0075,0.9069,0.9066,0.9069,0.9063,0.0063,0.0065,0.9192
5,40,4,104,Decision Tree,2450294,30000,28731,0.8723,0.8725,0.8723,0.8723,0.0083,0.0082,0.9031,0.9032,0.9031,0.9029,0.0079,0.0078,0.9192
5,40,4,104,Neural Network,2450294,30000,28731,0.7943,0.7932,0.7943,0.7933,0.0089,0.0094,0.8611,0.861,0.8611,0.8608,0.0096,0.0096,0.9192
10,40,0,100,Logistic Regression,2913826,30000,29842,0.8345,0.8337,0.8345,0.8338,0.0104,0.0106,0.8687,0.8682,0.8687,0.8682,0.0178,0.0177,0.9944
10,40,0,100,Random Forest,2913826,30000,29842,0.8578,0.8573,0.8578,0.8565,0.0081,0.008,0.891,0.8903,0.891,0.8896,0.0107,0.011,0.9944
10,40,0,100,Decision Tree,2913826,30000,29842,0.854,0.8538,0.854,0.8538,0.0124,0.0125,0.8956,0.8954,0.8956,0.8953,0.0158,0.0156,0.9944
10,40,0,100,Neural Network,2913826,30000,29842,0.7511,0.7501,0.7511,0.7502,0.0096,0.0099,0.8376,0.8368,0.8376,0.8369,0.0163,0.0161,0.9944
10,40,1,101,Logistic Regression,2920678,30000,29840,0.8314,0.8308,0.8314,0.8308,0.0122,0.0121,0.8651,0.8645,0.8651,0.8643,0.0106,0.0105,0.9952
10,40,1,101,Random Forest,2920678,30000,29840,0.8583,0.8578,0.8583,0.8573,0.0099,0.01,0.8885,0.8882,0.8885,0.8868,0.0081,0.0086,0.9952
10,40,1,101,Decision Tree,2920678,30000,29840,0.8529,0.8529,0.8529,0.8525,0.0122,0.0119,0.8967,0.8961,0.8967,0.8961,0.0115,0.0116,0.9952
10,40,1,101,Neural Network,2920678,30000,29840,0.7454,0.7451,0.7454,0.7449,0.0121,0.0119,0.8366,0.8357,0.8366,0.8357,0.0135,0.0133,0.9952
10,40,2,102,Logistic Regression,2919559,30000,29837,0.837,0.8366,0.837,0.8364,0.0131,0.0126,0.8656,0.8655,0.8656,0.8651,0.0098,0.0097,0.9946
10,40,2,102,Random Forest,2919559,30000,29837,0.8566,0.8557,0.8566,0.8557,0.0058,0.0059,0.8911,0.8903,0.8911,0.8897,0.0077,0.0081,0.9946
10,40,2,102,Decision Tree,2919559,30000,29837,0.8529,0.8528,0.8529,0.8525,0.0083,0.0084,0.902,0.9016,0.902,0.9016,0.0064,0.0063,0.9946
10,40,2,102,Neural Network,2919559,30000,29837,0.7499,0.7488,0.7499,0.7491,0.0132,0.0124,0.836,0.8357,0.836,0.8355,0.0138,0.0137,0.9946
10,40,3,103,Logistic Regression,2918296,30000,29843,0.8422,0.8415,0.8422,0.8415,0.0092,0.0092,0.8679,0.8677,0.8679,0.8673,0.0073,0.0071,0.9937
10,40,3,103,Random Forest,2918296,30000,29843,0.8588,0.8576,0.8588,0.8577,0.0126,0.0127,0.8918,0.8914,0.8918,0.8908,0.0108,0.0108,0.9937
10,40,3,103,Decision Tree,2918296,30000,29843,0.8462,0.8462,0.8462,0.8461,0.012,0.0118,0.8959,0.8957,0.8959,0.8955,0.0084,0.0085,0.9937
10,40,3,103,Neural Network,2918296,30000,29843,0.752,0.7514,0.752,0.7514,0.0085,0.0078,0.8361,0.8362,0.8361,0.8358,0.0064,0.0063,0.9937
10,40,4,104,Logistic Regression,2912734,30000,29843,0.8382,0.8374,0.8382,0.8375,0.0052,0.0053,0.8703,0.8702,0.8703,0.87,0.0107,0.0105,0.9938
10,40,4,104,Random Forest,2912734,30000,29843,0.8595,0.8585,0.8595,0.8583,0.0081,0.0081,0.8937,0.8929,0.8937,0.8926,0.0052,0.0053,0.9938
10,40,4,104,Decision Tree,2912734,30000,29843,0.8523,0.8524,0.8523,0.8519,0.015,0.0151,0.8954,0.8952,0.8954,0.8949,0.0117,0.0119,0.9938
10,40,4,104,Neural Network,2912734,30000,29843,0.7452,0.7448,0.7452,0.7449,0.0134,0.0138,0.835,0.8361,0.835,0.8353,0.0149,0.0148,0.9938
