Rumore_%,Rep,Seed,Modello,IM,IP,IH,Accuracy_test_sporco,Precision_test_sporco,Recall_test_sporco,F1_Score_test_sporco,Accuracy_test_sporco_std,F1_Score_test_sporco_std,Accuracy_test_pulito,Precision_test_pulito,Recall_test_pulito,F1_Score_test_pulito,Accuracy_test_pulito_std,F1_Score_test_pulito_std,Quota_train_sporca
0,0,100,Logistic Regression,0,0,0,0.8711,0.872,0.8711,0.8714,0.0069,0.0069,0.8711,0.872,0.8711,0.8714,0.0069,0.0069,0.0
0,0,100,Random Forest,0,0,0,0.8659,0.8666,0.8659,0.8662,0.0075,0.0075,0.8659,0.8666,0.8659,0.8662,0.0075,0.0075,0.0
0,0,100,Decision Tree,0,0,0,0.8419,0.842,0.8419,0.8419,0.0081,0.008,0.8419,0.842,0.8419,0.8419,0.0081,0.008,0.0
0,0,100,Neural Network,0,0,0,0.835,0.8354,0.835,0.8351,0.0079,0.0079,0.835,0.8354,0.835,0.8351,0.0079,0.0079,0.0
0,1,101,Logistic Regression,0,0,0,0.8711,0.872,0.8711,0.8714,0.0069,0.0069,0.8711,0.872,0.8711,0.8714,0.0069,0.0069,0.0
0,1,101,Random Forest,0,0,0,0.8659,0.8666,0.8659,0.8662,0.0075,0.0075,0.8659,0.8666,0.8659,0.8662,0.0075,0.0075,0.0
0,1,101,Decision Tree,0,0,0,0.8419,0.842,0.8419,0.8419,0.0081,0.008,0.8419,0.842,0.8419,0.8419,0.0081,0.008,0.0
0,1,101,Neural Network,0,0,0,0.835,0.8354,0.835,0.8351,0.0079,0.0079,0.835,0.8354,0.835,0.8351,0.0079,0.0079,0.0
0,2,102,Logistic Regression,0,0,0,0.8711,0.872,0.8711,0.8714,0.0069,0.0069,0.8711,0.872,0.8711,0.8714,0.0069,0.0069,0.0
0,2,102,Random Forest,0,0,0,0.8659,0.8666,0.8659,0.8662,0.0075,0.0075,0.8659,0.8666,0.8659,0.8662,0.0075,0.0075,0.0
0,2,102,Decision Tree,0,0,0,0.8419,0.842,0.8419,0.8419,0.0081,0.008,0.8419,0.842,0.8419,0.8419,0.0081,0.008,0.0
0,2,102,Neural Network,0,0,0,0.835,0.8354,0.835,0.8351,0.0079,0.0079,0.835,0.8354,0.835,0.8351,0.0079,0.0079,0.0
0,3,103,Logistic Regression,0,0,0,0.8711,0.872,0.8711,0.8714,0.0069,0.0069,0.8711,0.872,0.8711,0.8714,0.0069,0.0069,0.0
0,3,103,Random Forest,0,0,0,0.8659,0.8666,0.8659,0.8662,0.0075,0.0075,0.8659,0.8666,0.8659,0.8662,0.0075,0.0075,0.0
0,3,103,Decision Tree,0,0,0,0.8419,0.842,0.8419,0.8419,0.0081,0.008,0.8419,0.842,0.8419,0.8419,0.0081,0.008,0.0
0,3,103,Neural Network,0,0,0,0.835,0.8354,0.835,0.8351,0.0079,0.0079,0.835,0.8354,0.835,0.8351,0.0079,0.0079,0.0
5,0,100,Logistic Regression,29735,19993,2507,0.7772,0.7777,0.7772,0.7771,0.0115,0.0114,0.8065,0.808,0.8065,0.8067,0.0114,0.0113,0.0499
5,0,100,Random Forest,29735,19993,2507,0.8335,0.8337,0.8335,0.8336,0.0065,0.0065,0.8654,0.8662,0.8654,0.8657,0.0064,0.0064,0.0499
5,0,100,Decision Tree,29735,19993,2507,0.8085,0.8085,0.8085,0.8085,0.0088,0.0087,0.8394,0.8395,0.8394,0.8394,0.0077,0.0076,0.0499
5,0,100,Neural Network,29735,19993,2507,0.8019,0.8021,0.8019,0.8019,0.0061,0.0062,0.8327,0.8333,0.8327,0.8329,0.0056,0.0057,0.0499
0,4,104,Logistic Regression,0,0,0,0.8711,0.872,0.8711,0.8714,0.0069,0.0069,0.8711,0.872,0.8711,0.8714,0.0069,0.0069,0.0
0,4,104,Random Forest,0,0,0,0.8659,0.8666,0.8659,0.8662,0.0075,0.0075,0.8659,0.8666,0.8659,0.8662,0.0075,0.0075,0.0
0,4,104,Decision Tree,0,0,0,0.8419,0.842,0.8419,0.8419,0.0081,0.008,0.8419,0.842,0.8419,0.8419,0.0081,0.008,0.0
0,4,104,Neural Network,0,0,0,0.835,0.8354,0.835,0.8351,0.0079,0.0079,0.835,0.8354,0.835,0.8351,0.0079,0.0079,0.0
5,1,101,Logistic Regression,29492,19758,2520,0.7747,0.7752,0.7747,0.7745,0.0092,0.0091,0.806,0.8076,0.806,0.8063,0.011,0.011,0.05
5,1,101,Random Forest,29492,19758,2520,0.8344,0.8346,0.8344,0.8345,0.0052,0.0052,0.8653,0.8659,0.8653,0.8655,0.0061,0.0061,0.05
5,1,101,Decision Tree,29492,19758,2520,0.8082,0.8083,0.8082,0.8081,0.0031,0.0032,0.8396,0.8398,0.8396,0.8396,0.0038,0.0038,0.05
5,1,101,Neural Network,29492,19758,2520,0.7992,0.7991,0.7992,0.799,0.0043,0.0042,0.8311,0.8314,0.8311,0.8311,0.0059,0.0058,0.05
5,2,102,Logistic Regression,27919,18371,2478,0.7785,0.7789,0.7785,0.7783,0.0095,0.0095,0.8087,0.81,0.8087,0.8088,0.0099,0.0098,0.0505
5,2,102,Random Forest,27919,18371,2478,0.8309,0.8312,0.8309,0.831,0.0085,0.0086,0.8642,0.8649,0.8642,0.8644,0.0081,0.008,0.0505
5,2,102,Decision Tree,27919,18371,2478,0.8097,0.8103,0.8097,0.8099,0.0064,0.0066,0.8416,0.8419,0.8416,0.8417,0.0065,0.0066,0.0505
5,2,102,Neural Network,27919,18371,2478,0.8022,0.8025,0.8022,0.8022,0.0051,0.005,0.8338,0.8344,0.8338,0.834,0.0053,0.0049,0.0505
5,3,103,Logistic Regression,28265,18339,2539,0.7806,0.7812,0.7806,0.7806,0.0082,0.0082,0.8117,0.8136,0.8117,0.8122,0.0093,0.0092,0.05
5,3,103,Random Forest,28265,18339,2539,0.833,0.8335,0.833,0.8332,0.0084,0.0085,0.8649,0.8657,0.8649,0.8652,0.0086,0.0086,0.05
5,3,103,Decision Tree,28265,18339,2539,0.8058,0.8058,0.8058,0.8057,0.0051,0.0051,0.8379,0.838,0.8379,0.8379,0.0059,0.0059,0.05
5,3,103,Neural Network,28265,18339,2539,0.8012,0.8009,0.8012,0.8009,0.0069,0.0071,0.8332,0.8333,0.8332,0.8331,0.0051,0.0052,0.05
5,4,104,Logistic Regression,26963,18584,2477,0.777,0.7776,0.777,0.7769,0.0088,0.0088,0.8063,0.8079,0.8063,0.8066,0.0093,0.0091,0.0502
5,4,104,Random Forest,26963,18584,2477,0.8343,0.8348,0.8343,0.8345,0.0071,0.007,0.8652,0.866,0.8652,0.8655,0.0078,0.0077,0.0502
5,4,104,Decision Tree,26963,18584,2477,0.8089,0.8092,0.8089,0.809,0.0066,0.0066,0.8406,0.8408,0.8406,0.8406,0.0075,0.0073,0.0502
5,4,104,Neural Network,26963,18584,2477,0.8024,0.8022,0.8024,0.8023,0.0064,0.0065,0.8338,0.8338,0.8338,0.8338,0.0071,0.007,0.0502
10,0,100,Logistic Regression,57750,26734,4906,0.7063,0.7055,0.7063,0.7057,0.0105,0.0105,0.7604,0.7615,0.7604,0.7604,0.0087,0.0086,0.1005
10,0,100,Random Forest,57750,26734,4906,0.8023,0.803,0.8023,0.8025,0.0084,0.0084,0.8636,0.8644,0.8636,0.8639,0.0067,0.0066,0.1005
10,0,100,Decision Tree,57750,26734,4906,0.7768,0.7772,0.7768,0.7769,0.005,0.0049,0.8408,0.8412,0.8408,0.8409,0.0066,0.0063,0.1005
10,0,100,Neural Network,57750,26734,4906,0.7697,0.7695,0.7697,0.7694,0.0069,0.0073,0.8295,0.8297,0.8295,0.8294,0.0076,0.0077,0.1005
10,1,101,Logistic Regression,56094,25605,4933,0.7068,0.7062,0.7068,0.7061,0.0105,0.0104,0.7627,0.7637,0.7627,0.7627,0.0108,0.0106,0.1002
10,1,101,Random Forest,56094,25605,4933,0.8046,0.805,0.8046,0.8046,0.0057,0.0056,0.8642,0.8649,0.8642,0.8644,0.0055,0.0054,0.1002
10,1,101,Decision Tree,56094,25605,4933,0.7754,0.775,0.7754,0.7751,0.0043,0.0042,0.8378,0.8375,0.8378,0.8376,0.0037,0.0035,0.1002
10,1,101,Neural Network,56094,25605,4933,0.7718,0.772,0.7718,0.7718,0.0077,0.0077,0.8324,0.8328,0.8324,0.8325,0.0083,0.0081,0.1002
10,2,102,Logistic Regression,54020,25562,4860,0.7095,0.709,0.7095,0.7089,0.0118,0.012,0.7636,0.7651,0.7636,0.7638,0.0112,0.0111,0.1004
10,2,102,Random Forest,54020,25562,4860,0.7995,0.7998,0.7995,0.7995,0.0092,0.0093,0.863,0.8637,0.863,0.8633,0.0086,0.0086,0.1004
10,2,102,Decision Tree,54020,25562,4860,0.7771,0.777,0.7771,0.777,0.0062,0.0062,0.8408,0.8407,0.8408,0.8407,0.0036,0.0035,0.1004
10,2,102,Neural Network,54020,25562,4860,0.7696,0.7695,0.7696,0.7695,0.0075,0.0075,0.8322,0.8325,0.8322,0.8322,0.0063,0.0062,0.1004
10,3,103,Logistic Regression,56141,25928,4955,0.703,0.702,0.703,0.7021,0.0088,0.0088,0.7587,0.7597,0.7587,0.7588,0.0092,0.0091,0.0998
10,3,103,Random Forest,56141,25928,4955,0.8046,0.8052,0.8046,0.8047,0.0105,0.0106,0.8641,0.8649,0.8641,0.8644,0.0092,0.0091,0.0998
10,3,103,Decision Tree,56141,25928,4955,0.7785,0.7783,0.7785,0.7783,0.0096,0.0096,0.8403,0.8404,0.8403,0.8403,0.0076,0.0074,0.0998
10,3,103,Neural Network,56141,25928,4955,0.7705,0.7704,0.7705,0.7704,0.0064,0.0065,0.832,0.8322,0.832,0.832,0.0066,0.0065,0.0998
10,4,104,Logistic Regression,54298,25764,4891,0.7037,0.7029,0.7037,0.703,0.0082,0.0081,0.7579,0.7589,0.7579,0.7579,0.0095,0.0093,0.0999
10,4,104,Random Forest,54298,25764,4891,0.8035,0.8041,0.8035,0.8036,0.0074,0.0075,0.8646,0.8654,0.8646,0.8649,0.0069,0.0068,0.0999
10,4,104,Decision Tree,54298,25764,4891,0.7756,0.7756,0.7756,0.7755,0.0047,0.0047,0.8378,0.8379,0.8378,0.8378,0.0061,0.0058,0.0999
10,4,104,Neural Network,54298,25764,4891,0.7715,0.7713,0.7715,0.7714,0.006,0.0059,0.8325,0.8325,0.8325,0.8325,0.0084,0.0082,0.0999
20,0,100,Logistic Regression,106860,29489,9515,0.6043,0.6023,0.6043,0.6029,0.0086,0.0086,0.696,0.6965,0.696,0.6957,0.0069,0.0067,0.1999
20,0,100,Random Forest,106860,29489,9515,0.7437,0.7447,0.7437,0.7434,0.0095,0.0096,0.8608,0.8618,0.8608,0.8612,0.0074,0.0073,0.1999
20,0,100,Decision Tree,106860,29489,9515,0.7141,0.7141,0.7141,0.714,0.0075,0.0075,0.8361,0.8364,0.8361,0.8362,0.0066,0.0065,0.1999
20,0,100,Neural Network,106860,29489,9515,0.7069,0.7068,0.7069,0.7067,0.0075,0.0075,0.8249,0.8253,0.8249,0.825,0.0051,0.0051,0.1999
20,1,101,Logistic Regression,105992,29392,9492,0.5986,0.5962,0.5986,0.5971,0.0073,0.0072,0.6932,0.6934,0.6932,0.6926,0.0064,0.0061,0.201
20,1,101,Random Forest,105992,29392,9492,0.7453,0.7452,0.7453,0.7447,0.0054,0.0056,0.8608,0.8614,0.8608,0.861,0.006,0.0059,0.201
20,1,101,Decision Tree,105992,29392,9492,0.7105,0.7102,0.7105,0.7103,0.0037,0.0041,0.8351,0.8349,0.8351,0.835,0.0046,0.0046,0.201
20,1,101,Neural Network,105992,29392,9492,0.7063,0.706,0.7063,0.706,0.0055,0.0054,0.8263,0.8263,0.8263,0.8262,0.0063,0.0063,0.201
20,2,102,Logistic Regression,104784,29566,9511,0.6005,0.5987,0.6005,0.5992,0.01,0.0103,0.6912,0.6927,0.6912,0.6915,0.0064,0.0064,0.2009
20,2,102,Random Forest,104784,29566,9511,0.7426,0.7428,0.7426,0.7422,0.0091,0.0091,0.8595,0.8606,0.8595,0.8599,0.0068,0.0067,0.2009
20,2,102,Decision Tree,104784,29566,9511,0.7143,0.7141,0.7143,0.7141,0.01,0.0097,0.8373,0.8376,0.8373,0.8374,0.006,0.0059,0.2009
20,2,102,Neural Network,104784,29566,9511,0.7075,0.7074,0.7075,0.7073,0.0069,0.0068,0.8265,0.8271,0.8265,0.8267,0.0044,0.0042,0.2009
20,3,103,Logistic Regression,106725,29229,9604,0.6016,0.5996,0.6016,0.6002,0.0085,0.0088,0.6975,0.6979,0.6975,0.6971,0.0076,0.0075,0.1993
20,3,103,Random Forest,106725,29229,9604,0.7472,0.7474,0.7472,0.747,0.0107,0.0107,0.8623,0.8631,0.8623,0.8626,0.0071,0.0071,0.1993
20,3,103,Decision Tree,106725,29229,9604,0.7125,0.7126,0.7125,0.7124,0.0089,0.0088,0.8357,0.8361,0.8357,0.8358,0.0066,0.0063,0.1993
20,3,103,Neural Network,106725,29229,9604,0.7092,0.709,0.7092,0.709,0.013,0.0129,0.8282,0.8285,0.8282,0.8282,0.0077,0.0074,0.1993
20,4,104,Logistic Regression,104601,29151,9420,0.5998,0.5984,0.5998,0.5988,0.0058,0.0057,0.694,0.6953,0.694,0.6942,0.0069,0.0067,0.1994
20,4,104,Random Forest,104601,29151,9420,0.7443,0.7447,0.7443,0.744,0.0092,0.0091,0.8609,0.8619,0.8609,0.8613,0.0088,0.0087,0.1994
20,4,104,Decision Tree,104601,29151,9420,0.7148,0.7149,0.7148,0.7147,0.0043,0.0045,0.8361,0.8365,0.8361,0.8363,0.0056,0.0055,0.1994
20,4,104,Neural Network,104601,29151,9420,0.7043,0.7042,0.7043,0.7041,0.0048,0.0051,0.826,0.8262,0.826,0.826,0.0074,0.0077,0.1994
30,0,100,Logistic Regression,151492,29889,13757,0.5218,0.5185,0.5218,0.5196,0.0059,0.0058,0.6446,0.6439,0.6446,0.6434,0.0054,0.0047,0.2994
30,0,100,Random Forest,151492,29889,13757,0.6882,0.689,0.6882,0.687,0.007,0.0069,0.8579,0.8588,0.8579,0.8582,0.0069,0.0068,0.2994
30,0,100,Decision Tree,151492,29889,13757,0.6527,0.653,0.6527,0.6527,0.0051,0.0051,0.8327,0.8324,0.8327,0.8325,0.0058,0.0057,0.2994
30,0,100,Neural Network,151492,29889,13757,0.6441,0.6439,0.6441,0.6438,0.0091,0.0089,0.8193,0.8197,0.8193,0.8193,0.0061,0.0058,0.2994
30,1,101,Logistic Regression,148787,29954,13643,0.5236,0.5205,0.5236,0.5216,0.0083,0.0083,0.6434,0.6431,0.6434,0.6426,0.0093,0.0086,0.3011
30,1,101,Random Forest,148787,29954,13643,0.6882,0.6884,0.6882,0.6871,0.0058,0.0063,0.8576,0.8582,0.8576,0.8578,0.005,0.0049,0.3011
30,1,101,Decision Tree,148787,29954,13643,0.656,0.6557,0.656,0.6558,0.0052,0.0054,0.8358,0.8356,0.8358,0.8356,0.0042,0.0039,0.3011
30,1,101,Neural Network,148787,29954,13643,0.65,0.6495,0.65,0.6497,0.0095,0.0096,0.8229,0.8228,0.8229,0.8228,0.0092,0.009,0.3011
30,3,103,Logistic Regression,150254,29953,13686,0.5164,0.5139,0.5164,0.5148,0.0052,0.0058,0.6408,0.6407,0.6408,0.6402,0.0049,0.0049,0.2997
30,3,103,Random Forest,150254,29953,13686,0.6884,0.688,0.6884,0.6873,0.0108,0.0111,0.8594,0.8602,0.8594,0.8597,0.0082,0.0081,0.2997
30,3,103,Decision Tree,150254,29953,13686,0.656,0.6559,0.656,0.6559,0.0102,0.0102,0.8354,0.8354,0.8354,0.8354,0.0094,0.0092,0.2997
30,3,103,Neural Network,150254,29953,13686,0.646,0.6455,0.646,0.6456,0.0084,0.0082,0.8232,0.8231,0.8232,0.823,0.0081,0.0079,0.2997
40,0,100,Logistic Regression,187658,30000,17514,0.4578,0.4542,0.4578,0.4556,0.0109,0.0105,0.599,0.5977,0.599,0.5977,0.0064,0.0061,0.4001
40,0,100,Random Forest,187658,30000,17514,0.632,0.6339,0.632,0.6302,0.0082,0.008,0.8525,0.8537,0.8525,0.853,0.0079,0.0078,0.4001
40,0,100,Decision Tree,187658,30000,17514,0.5926,0.5927,0.5926,0.5926,0.0075,0.0074,0.8312,0.8314,0.8312,0.8313,0.008,0.0078,0.4001
40,0,100,Neural Network,187658,30000,17514,0.5833,0.583,0.5833,0.5831,0.009,0.009,0.8153,0.8155,0.8153,0.8153,0.0058,0.0056,0.4001
30,4,104,Logistic Regression,148158,29884,13647,0.5231,0.521,0.5231,0.5217,0.0068,0.007,0.6441,0.6448,0.6441,0.644,0.009,0.009,0.2994
30,4,104,Random Forest,148158,29884,13647,0.6842,0.6846,0.6842,0.6833,0.0091,0.0091,0.8559,0.857,0.8559,0.8563,0.01,0.0099,0.2994
30,4,104,Decision Tree,148158,29884,13647,0.6517,0.652,0.6517,0.6518,0.0065,0.0064,0.8314,0.8318,0.8314,0.8315,0.0062,0.0059,0.2994
30,4,104,Neural Network,148158,29884,13647,0.6426,0.6422,0.6426,0.6422,0.0056,0.0056,0.8196,0.82,0.8196,0.8198,0.0072,0.0071,0.2994
30,2,102,Logistic Regression,147711,30000,13657,0.5205,0.5182,0.5205,0.519,0.0072,0.0073,0.642,0.6425,0.642,0.6418,0.0071,0.0073,0.301
30,2,102,Random Forest,147711,30000,13657,0.6863,0.6865,0.6863,0.6851,0.0093,0.009,0.8576,0.8589,0.8576,0.8581,0.0083,0.008,0.301
30,2,102,Decision Tree,147711,30000,13657,0.654,0.6539,0.654,0.6539,0.0091,0.0089,0.83,0.8301,0.83,0.8299,0.0049,0.0048,0.301
30,2,102,Neural Network,147711,30000,13657,0.6472,0.6477,0.6472,0.6472,0.0064,0.006,0.8207,0.8212,0.8207,0.8208,0.0082,0.0077,0.301
40,1,101,Logistic Regression,187751,29984,17542,0.4596,0.4561,0.4596,0.4574,0.004,0.004,0.6019,0.6012,0.6019,0.6008,0.0071,0.0067,0.401
40,1,101,Random Forest,187751,29984,17542,0.6325,0.6327,0.6325,0.6304,0.0117,0.0123,0.8551,0.8558,0.8551,0.8553,0.0052,0.005,0.401
40,1,101,Decision Tree,187751,29984,17542,0.5939,0.5938,0.5939,0.5937,0.008,0.0082,0.8304,0.8303,0.8304,0.8303,0.0052,0.005,0.401
40,1,101,Neural Network,187751,29984,17542,0.5885,0.5881,0.5885,0.5882,0.0082,0.0081,0.8168,0.8171,0.8168,0.8169,0.0036,0.0034,0.401
40,4,104,Logistic Regression,184876,30000,17466,0.461,0.4584,0.461,0.4594,0.0052,0.0058,0.6028,0.6033,0.6028,0.6024,0.0055,0.0052,0.3997
40,4,104,Random Forest,184876,30000,17466,0.6304,0.6313,0.6304,0.6283,0.0135,0.013,0.8518,0.8531,0.8518,0.8523,0.0086,0.0085,0.3997
40,4,104,Decision Tree,184876,30000,17466,0.5903,0.5904,0.5903,0.5902,0.0077,0.0074,0.8286,0.8294,0.8286,0.8289,0.0061,0.0061,0.3997
40,4,104,Neural Network,184876,30000,17466,0.5852,0.5847,0.5852,0.5847,0.0062,0.0063,0.8129,0.8133,0.8129,0.813,0.0098,0.0096,0.3997
40,2,102,Logistic Regression,185204,30000,17506,0.461,0.4578,0.461,0.459,0.0062,0.0058,0.5988,0.5985,0.5988,0.5982,0.0103,0.01,0.4008
40,2,102,Random Forest,185204,30000,17506,0.631,0.6314,0.631,0.6287,0.0089,0.0088,0.8522,0.8536,0.8522,0.8527,0.0074,0.0072,0.4008
40,2,102,Decision Tree,185204,30000,17506,0.587,0.5871,0.587,0.5869,0.007,0.0068,0.8292,0.8297,0.8292,0.8294,0.0067,0.0065,0.4008
40,2,102,Neural Network,185204,30000,17506,0.5813,0.5812,0.5813,0.581,0.0058,0.0053,0.8129,0.8136,0.8129,0.813,0.0068,0.0063,0.4008
40,3,103,Logistic Regression,187579,30000,17464,0.451,0.4476,0.451,0.4488,0.0087,0.0093,0.5907,0.5892,0.5907,0.5894,0.0029,0.0026,0.3999
40,3,103,Random Forest,187579,30000,17464,0.6332,0.6333,0.6332,0.6316,0.0092,0.0095,0.8553,0.8561,0.8553,0.8556,0.0087,0.0085,0.3999
40,3,103,Decision Tree,187579,30000,17464,0.5948,0.5947,0.5948,0.5946,0.0068,0.0069,0.8281,0.8282,0.8281,0.8281,0.0082,0.008,0.3999
40,3,103,Neural Network,187579,30000,17464,0.5899,0.59,0.5899,0.5897,0.0064,0.0063,0.8144,0.8148,0.8144,0.8145,0.0078,0.0074,0.3999
